"time","state.hour","state.value"
"2022-01-20T16:41:59.185+03:00",,"1"
"2022-01-20T16:43:05.585+03:00",,"0"
"2022-01-20T16:50:25.380+03:00",,"0"
"2022-01-20T17:14:38.861+03:00",,"1"
"2022-01-20T17:15:34.099+03:00",,"0"
"2022-01-20T17:50:27.354+03:00",,"0"
"2022-01-20T17:54:02.089+03:00",,"1"
"2022-01-20T17:54:14.753+03:00",,"0"
"2022-01-20T17:55:32.012+03:00",,"1"
"2022-01-20T17:55:37.968+03:00",,"0"
"2022-01-20T17:55:44.927+03:00",,"1"
"2022-01-20T17:55:59.118+03:00",,"0"
"2022-01-20T17:56:17.101+03:00",,"1"
"2022-01-20T17:57:15.551+03:00",,"0"
"2022-01-20T17:57:38.353+03:00",,"1"
"2022-01-20T17:57:48.278+03:00",,"0"
"2022-01-20T18:33:19.700+03:00",,"1"
"2022-01-20T18:33:21.997+03:00",,"0"
"2022-01-20T18:33:32.106+03:00",,"1"
"2022-01-20T18:33:45.552+03:00",,"0"
"2022-01-20T18:40:59.589+03:00",,"1"
"2022-01-20T18:41:02.061+03:00",,"0"
"2022-01-20T18:50:28.230+03:00",,"0"
"2022-01-20T18:56:23.568+03:00",,"1"
"2022-01-20T18:56:31.087+03:00",,"0"
"2022-01-20T19:04:11.784+03:00",,"1"
"2022-01-20T19:06:36.549+03:00",,"0"
"2022-01-20T19:18:14.664+03:00",,"1"
"2022-01-20T19:18:40.211+03:00",,"0"
"2022-01-20T19:50:30.105+03:00",,"0"
"2022-01-20T20:04:35.249+03:00",,"1"
"2022-01-20T20:04:38.784+03:00",,"0"
"2022-01-20T20:16:13.937+03:00",,"1"
"2022-01-20T20:16:15.911+03:00",,"0"
"2022-01-20T20:17:52.856+03:00",,"1"
"2022-01-20T20:18:01.728+03:00",,"0"
"2022-01-20T20:19:14.421+03:00",,"1"
"2022-01-20T20:19:29.532+03:00",,"0"
"2022-01-20T20:34:18.409+03:00",,"1"
"2022-01-20T20:34:19.315+03:00",,"0"
"2022-01-20T20:35:48.711+03:00",,"1"
"2022-01-20T20:36:14.439+03:00",,"0"
"2022-01-20T20:40:52.459+03:00",,"1"
"2022-01-20T20:40:55.419+03:00",,"0"
"2022-01-20T20:50:32.378+03:00",,"0"
"2022-01-20T21:26:04.048+03:00",,"1"
"2022-01-20T21:27:16.927+03:00",,"0"
"2022-01-20T21:50:33.577+03:00",,"0"
"2022-01-20T22:50:35.607+03:00",,"0"
"2022-01-20T23:50:36.726+03:00",,"0"
"2022-01-21T00:50:40.896+03:00",,"0"
"2022-01-21T01:50:40.655+03:00",,"0"
"2022-01-21T02:50:42.070+03:00",,"0"
"2022-01-21T03:50:43.316+03:00",,"0"
"2022-01-21T04:50:45.164+03:00",,"0"
"2022-01-21T05:50:46.455+03:00",,"0"
"2022-01-21T06:50:48.049+03:00",,"0"
"2022-01-21T07:50:49.252+03:00",,"0"
"2022-01-21T08:46:17.130+03:00",,"1"
"2022-01-21T08:46:23.434+03:00",,"0"
"2022-01-21T08:50:50.734+03:00",,"0"
"2022-01-21T08:58:19.921+03:00",,"1"
"2022-01-21T08:59:13.156+03:00",,"0"
"2022-01-21T09:45:52.832+03:00",,"1"
"2022-01-21T09:46:49.681+03:00",,"0"
"2022-01-21T09:50:19.492+03:00",,"1"
"2022-01-21T09:50:29.190+03:00",,"0"
"2022-01-21T09:50:50.429+03:00",,"0"
"2022-01-21T09:50:52.511+03:00",,"1"
"2022-01-21T09:50:54.167+03:00",,"0"
"2022-01-21T09:50:55.687+03:00",,"1"
"2022-01-21T09:53:02.969+03:00",,"0"
"2022-01-21T10:33:55.040+03:00",,"1"
"2022-01-21T10:37:06.725+03:00",,"0"
"2022-01-21T10:38:29.102+03:00",,"1"
"2022-01-21T10:38:42.263+03:00",,"0"
"2022-01-21T10:50:54.137+03:00",,"0"
"2022-01-21T11:35:50.965+03:00",,"1"
"2022-01-21T11:36:52.496+03:00",,"0"
"2022-01-21T11:50:55.186+03:00",,"0"
"2022-01-21T12:50:57.492+03:00",,"0"
"2022-01-21T13:16:29.581+03:00",,"1"
"2022-01-21T13:16:38.203+03:00",,"0"
"2022-01-21T13:34:41.370+03:00",,"1"
"2022-01-21T13:35:46.736+03:00",,"0"
"2022-01-21T13:43:38.342+03:00",,"1"
"2022-01-21T13:44:22.827+03:00",,"0"
"2022-01-21T13:50:59.784+03:00",,"0"
"2022-01-21T14:43:31.211+03:00",,"1"
"2022-01-21T14:43:39.690+03:00",,"0"
"2022-01-21T14:48:16.100+03:00",,"1"
"2022-01-21T14:48:24.735+03:00",,"0"
"2022-01-21T14:50:59.266+03:00",,"0"
"2022-01-21T15:51:03.380+03:00",,"0"
"2022-01-21T16:51:05.278+03:00",,"0"
"2022-01-21T16:56:01.179+03:00",,"1"
"2022-01-21T16:56:13.132+03:00",,"0"
"2022-01-21T17:25:57.188+03:00",,"1"
"2022-01-21T17:26:10.159+03:00",,"0"
"2022-01-21T17:29:53.710+03:00",,"1"
"2022-01-21T17:30:00.862+03:00",,"0"
"2022-01-21T17:51:06.704+03:00",,"0"
"2022-01-21T17:54:11.136+03:00",,"1"
"2022-01-21T17:54:18.471+03:00",,"0"
"2022-01-21T17:58:54.070+03:00",,"1"
"2022-01-21T17:59:08.696+03:00",,"0"
"2022-01-21T17:59:42.008+03:00",,"1"
"2022-01-21T18:00:10.857+03:00",,"0"
"2022-01-21T18:23:14.132+03:00",,"1"
"2022-01-21T18:48:31.715+03:00",,"1"
"2022-01-21T18:49:42.199+03:00",,"0"
"2022-01-21T18:51:06.819+03:00",,"0"
"2022-01-21T19:51:10.934+03:00",,"0"
"2022-01-21T20:13:05.275+03:00",,"1"
"2022-01-21T20:14:11.466+03:00",,"0"
"2022-01-21T20:51:12.030+03:00",,"0"
"2022-01-21T21:51:13.703+03:00",,"0"
"2022-01-21T22:51:14.995+03:00",,"0"
"2022-01-21T23:00:27.865+03:00",,"1"
"2022-01-21T23:51:17.185+03:00",,"0"
"2022-01-22T00:51:19.809+03:00",,"0"
"2022-01-22T01:51:21.212+03:00",,"0"
"2022-01-22T02:03:32.122+03:00",,"0"
"2022-01-22T02:51:21.846+03:00",,"0"
"2022-01-22T05:51:25.655+03:00",,"0"
"2022-01-22T06:51:26.895+03:00",,"0"
"2022-01-22T07:51:28.328+03:00",,"0"
"2022-01-22T08:01:27.562+03:00",,"1"
"2022-01-22T08:01:34.454+03:00",,"0"
"2022-01-22T08:14:07.184+03:00",,"1"
"2022-01-22T08:14:07.870+03:00",,"0"
"2022-01-22T09:51:31.471+03:00",,"0"
"2022-01-22T10:51:32.390+03:00",,"0"
"2022-01-22T11:51:33.892+03:00",,"0"
"2022-01-22T12:51:41.225+03:00",,"0"
"2022-01-22T13:48:05.205+03:00",,"1"
"2022-01-22T13:48:58.046+03:00",,"0"
"2022-01-22T13:51:35.334+03:00",,"0"
"2022-01-22T14:51:38.653+03:00",,"0"
"2022-01-22T14:57:44.938+03:00",,"1"
"2022-01-22T14:57:52.942+03:00",,"0"
"2022-01-22T15:06:01.073+03:00",,"1"
"2022-01-22T15:06:16.332+03:00",,"0"
"2022-01-22T15:07:45.009+03:00",,"1"
"2022-01-22T15:08:10.036+03:00",,"0"
"2022-01-22T15:27:53.115+03:00",,"1"
"2022-01-22T15:27:59.407+03:00",,"0"
"2022-01-22T15:49:06.614+03:00",,"1"
"2022-01-22T15:51:38.278+03:00",,"1"
"2022-01-22T15:52:06.142+03:00",,"0"
"2022-01-22T15:56:18.448+03:00",,"1"
"2022-01-22T15:57:49.000+03:00",,"0"
"2022-01-22T16:30:30.037+03:00",,"1"
"2022-01-22T16:32:08.552+03:00",,"0"
"2022-01-22T16:51:42.192+03:00",,"0"
"2022-01-22T16:54:10.089+03:00",,"1"
"2022-01-22T16:56:01.896+03:00",,"0"
"2022-01-22T16:57:48.672+03:00",,"1"
"2022-01-22T16:58:02.446+03:00",,"0"
"2022-01-22T17:00:44.216+03:00",,"1"
"2022-01-22T17:00:48.879+03:00",,"0"
"2022-01-22T17:04:39.572+03:00",,"1"
"2022-01-22T17:04:46.887+03:00",,"0"
"2022-01-22T17:14:34.335+03:00",,"1"
"2022-01-22T17:14:39.129+03:00",,"0"
"2022-01-22T17:32:35.162+03:00",,"1"
"2022-01-22T17:32:37.536+03:00",,"0"
"2022-01-22T17:33:09.675+03:00",,"1"
"2022-01-22T17:33:29.713+03:00",,"0"
"2022-01-22T17:33:33.104+03:00",,"1"
"2022-01-22T17:33:44.647+03:00",,"0"
"2022-01-22T17:51:43.197+03:00",,"0"
"2022-01-22T17:53:25.171+03:00",,"1"
"2022-01-22T17:53:30.598+03:00",,"0"
"2022-01-22T17:59:00.137+03:00",,"1"
"2022-01-22T17:59:18.547+03:00",,"0"
"2022-01-22T17:59:44.926+03:00",,"1"
"2022-01-22T17:59:49.936+03:00",,"0"
"2022-01-22T18:00:20.376+03:00",,"1"
"2022-01-22T18:00:54.076+03:00",,"0"
"2022-01-22T18:09:41.533+03:00",,"1"
"2022-01-22T18:09:46.082+03:00",,"0"
"2022-01-22T18:30:54.161+03:00",,"1"
"2022-01-22T18:31:07.692+03:00",,"0"
"2022-01-22T18:51:45.948+03:00",,"0"
"2022-01-22T18:51:48.850+03:00",,"1"
"2022-01-22T18:51:57.385+03:00",,"0"
"2022-01-22T18:52:08.637+03:00",,"1"
"2022-01-22T18:53:44.346+03:00",,"0"
"2022-01-22T19:35:28.281+03:00",,"1"
"2022-01-22T19:35:35.657+03:00",,"0"
"2022-01-22T19:51:46.787+03:00",,"0"
"2022-01-22T19:53:46.160+03:00",,"1"
"2022-01-22T19:53:52.836+03:00",,"0"
"2022-01-22T20:05:14.890+03:00",,"1"
"2022-01-22T20:05:44.815+03:00",,"0"
"2022-01-22T20:51:48.755+03:00",,"0"
"2022-01-22T21:17:36.656+03:00",,"0"
"2022-01-22T21:33:08.769+03:00",,"0"
"2022-01-22T21:36:18.450+03:00",,"0"
"2022-01-22T21:38:44.948+03:00",,"0"
"2022-01-22T21:43:57.978+03:00",,"0"
"2022-01-22T21:51:50.318+03:00",,"0"
"2022-01-22T22:03:06.549+03:00",,"0"
"2022-01-22T22:11:33.613+03:00",,"0"
"2022-01-22T22:13:55.083+03:00",,"0"
"2022-01-22T22:28:40.204+03:00",,"1"
"2022-01-22T22:29:09.726+03:00",,"0"
"2022-01-22T22:32:17.829+03:00",,"1"
"2022-01-22T22:32:20.231+03:00",,"0"
"2022-01-22T22:38:44.985+03:00",,"0"
"2022-01-22T22:41:01.552+03:00",,"1"
"2022-01-22T22:41:22.187+03:00",,"0"
"2022-01-22T22:42:28.172+03:00",,"0"
"2022-01-22T22:42:36.281+03:00",,"1"
"2022-01-22T22:42:58.798+03:00",,"0"
"2022-01-22T22:44:21.857+03:00",,"0"
"2022-01-22T22:46:04.075+03:00",,"1"
"2022-01-22T22:46:23.514+03:00",,"0"
"2022-01-22T22:48:22.326+03:00",,"1"
"2022-01-22T22:49:11.985+03:00",,"0"
"2022-01-22T22:50:30.930+03:00",,"1"
"2022-01-22T22:51:50.116+03:00",,"1"
"2022-01-22T22:51:52.978+03:00",,"0"
"2022-01-22T22:53:47.948+03:00",,"0"
"2022-01-22T22:57:09.014+03:00",,"0"
"2022-01-22T23:00:18.327+03:00",,"0"
"2022-01-22T23:01:55.798+03:00",,"0"
"2022-01-22T23:14:28.845+03:00",,"0"
"2022-01-22T23:28:09.584+03:00",,"1"
"2022-01-22T23:31:30.113+03:00",,"1"
"2022-01-22T23:31:31.454+03:00",,"0"
"2022-01-22T23:51:53.667+03:00",,"0"
"2022-01-23T00:51:55.072+03:00",,"0"
"2022-01-23T01:51:57.207+03:00",,"0"
"2022-01-23T02:51:59.337+03:00",,"0"
"2022-01-23T03:51:59.906+03:00",,"0"
"2022-01-23T04:52:02.457+03:00",,"0"
"2022-01-23T05:52:03.092+03:00",,"0"
"2022-01-23T06:52:04.222+03:00",,"0"
"2022-01-23T07:52:06.051+03:00",,"0"
"2022-01-23T08:52:07.484+03:00",,"0"
"2022-01-23T10:52:11.508+03:00",,"0"
"2022-01-23T11:38:48.786+03:00",,"1"
"2022-01-23T11:38:54.434+03:00",,"0"
"2022-01-23T11:52:11.659+03:00",,"0"
"2022-01-23T12:52:13.904+03:00",,"0"
"2022-01-23T12:56:28.132+03:00",,"1"
"2022-01-23T12:56:40.863+03:00",,"0"
"2022-01-23T13:05:09.144+03:00",,"1"
"2022-01-23T13:06:51.742+03:00",,"0"
"2022-01-23T13:08:40.452+03:00",,"1"
"2022-01-23T13:08:47.283+03:00",,"0"
"2022-01-23T13:18:22.565+03:00",,"1"
"2022-01-23T13:18:28.387+03:00",,"0"
"2022-01-23T13:25:22.192+03:00",,"1"
"2022-01-23T13:25:23.639+03:00",,"0"
"2022-01-23T13:52:15.538+03:00",,"0"
"2022-01-23T14:05:19.194+03:00",,"1"
"2022-01-23T14:05:23.552+03:00",,"0"
"2022-01-23T14:13:58.186+03:00",,"1"
"2022-01-23T14:14:25.044+03:00",,"0"
"2022-01-23T14:15:22.429+03:00",,"1"
"2022-01-23T14:15:27.016+03:00",,"0"
"2022-01-23T14:52:18.828+03:00",,"0"
"2022-01-23T15:11:23.566+03:00",,"1"
"2022-01-23T15:11:28.259+03:00",,"0"
"2022-01-23T15:17:19.234+03:00",,"1"
"2022-01-23T15:18:38.769+03:00",,"1"
"2022-01-23T15:19:15.916+03:00",,"0"
"2022-01-23T15:52:18.495+03:00",,"0"
"2022-01-23T15:52:32.301+03:00",,"1"
"2022-01-23T15:53:03.909+03:00",,"0"
"2022-01-23T16:01:30.666+03:00",,"1"
"2022-01-23T16:01:36.099+03:00",,"0"
"2022-01-23T16:12:29.510+03:00",,"1"
"2022-01-23T16:12:30.173+03:00",,"0"
"2022-01-23T16:14:27.325+03:00",,"1"
"2022-01-23T16:15:59.129+03:00",,"0"
"2022-01-23T16:24:18.528+03:00",,"1"
"2022-01-23T16:24:21.718+03:00",,"0"
"2022-01-23T16:52:20.461+03:00",,"0"
"2022-01-23T17:27:33.683+03:00",,"1"
"2022-01-23T17:27:36.986+03:00",,"0"
"2022-01-23T17:39:24.447+03:00",,"1"
"2022-01-23T17:39:25.732+03:00",,"0"
"2022-01-23T17:40:00.007+03:00",,"1"
"2022-01-23T17:40:56.171+03:00",,"0"
"2022-01-23T17:41:34.569+03:00",,"1"
"2022-01-23T17:41:38.927+03:00",,"0"
"2022-01-23T17:43:05.898+03:00",,"1"
"2022-01-23T17:43:12.259+03:00",,"0"
"2022-01-23T17:52:21.632+03:00",,"0"
"2022-01-23T18:00:39.955+03:00",,"1"
"2022-01-23T18:00:44.372+03:00",,"0"
"2022-01-23T18:03:11.720+03:00",,"1"
"2022-01-23T18:03:18.535+03:00",,"0"
"2022-01-23T18:23:39.974+03:00",,"1"
"2022-01-23T18:23:42.553+03:00",,"0"
"2022-01-23T19:37:34.237+03:00",,"1"
"2022-01-23T19:38:39.451+03:00",,"0"
"2022-01-23T19:52:25.303+03:00",,"0"
"2022-01-23T20:40:00.470+03:00",,"1"
"2022-01-23T20:40:32.603+03:00",,"0"
"2022-01-23T20:52:33.186+03:00",,"0"
"2022-01-23T20:52:43.985+03:00",,"1"
"2022-01-23T20:52:50.468+03:00",,"0"
"2022-01-23T21:16:00.246+03:00",,"1"
"2022-01-23T21:21:21.369+03:00",,"1"
"2022-01-23T21:21:26.588+03:00",,"0"
"2022-01-23T21:39:16.341+03:00",,"1"
"2022-01-23T21:39:56.794+03:00",,"0"
"2022-01-23T21:52:27.972+03:00",,"0"
"2022-01-23T22:32:26.515+03:00",,"0"
"2022-01-23T22:52:29.780+03:00",,"0"
"2022-01-23T23:07:34.924+03:00",,"1"
"2022-01-23T23:08:02.670+03:00",,"0"
"2022-01-23T23:52:32.338+03:00",,"0"
"2022-01-24T00:52:33.375+03:00",,"0"
"2022-01-24T01:52:34.490+03:00",,"0"
"2022-01-24T02:52:36.559+03:00",,"0"
"2022-01-24T03:52:37.896+03:00",,"0"
"2022-01-24T04:52:40.125+03:00",,"0"
"2022-01-24T05:52:41.410+03:00",,"0"
"2022-01-24T07:18:38.987+03:00",,"1"
"2022-01-24T07:19:00.283+03:00",,"0"
"2022-01-24T07:52:44.088+03:00",,"0"
"2022-01-24T08:52:45.657+03:00",,"0"
"2022-01-24T09:21:42.678+03:00",,"1"
"2022-01-24T09:21:46.219+03:00",,"0"
"2022-01-24T09:32:03.697+03:00",,"1"
"2022-01-24T09:32:04.386+03:00",,"0"
"2022-01-24T09:52:46.979+03:00",,"0"
"2022-01-24T10:52:48.064+03:00",,"0"
"2022-01-24T12:43:49.890+03:00",,"1"
"2022-01-24T12:43:56.226+03:00",,"0"
"2022-01-24T12:44:51.404+03:00",,"1"
"2022-01-24T12:44:58.250+03:00",,"0"
"2022-01-24T12:52:51.287+03:00",,"0"
"2022-01-24T13:13:26.152+03:00",,"1"
"2022-01-24T13:13:33.652+03:00",,"0"
"2022-01-24T13:28:37.513+03:00",,"1"
"2022-01-24T13:31:59.620+03:00",,"1"
"2022-01-24T13:32:18.760+03:00",,"0"
"2022-01-24T13:34:57.220+03:00",,"1"
"2022-01-24T13:35:01.701+03:00",,"0"
"2022-01-24T13:36:23.918+03:00",,"1"
"2022-01-24T13:36:29.682+03:00",,"0"
"2022-01-24T13:36:42.286+03:00",,"1"
"2022-01-24T13:37:21.381+03:00",,"0"
"2022-01-24T13:52:52.797+03:00",,"0"
"2022-01-24T13:55:36.574+03:00",,"1"
"2022-01-24T13:55:44.433+03:00",,"0"
"2022-01-24T14:42:57.231+03:00",,"1"
"2022-01-24T14:43:09.387+03:00",,"0"
"2022-01-24T14:52:54.520+03:00",,"0"
"2022-01-24T15:18:53.188+03:00",,"1"
"2022-01-24T15:18:57.625+03:00",,"0"
"2022-01-24T15:52:57.075+03:00",,"0"
"2022-01-24T16:52:58.464+03:00",,"0"
"2022-01-24T17:53:00.153+03:00",,"0"
"2022-01-24T18:20:58.491+03:00",,"1"
"2022-01-24T18:21:09.895+03:00",,"0"
"2022-01-24T18:53:02.317+03:00",,"0"
"2022-01-24T19:06:02.201+03:00",,"1"
"2022-01-24T19:06:06.655+03:00",,"0"
"2022-01-24T19:07:19.248+03:00",,"1"
"2022-01-24T19:07:29.806+03:00",,"0"
"2022-01-24T19:41:59.253+03:00",,"1"
"2022-01-24T19:42:12.110+03:00",,"0"
"2022-01-24T19:53:02.650+03:00",,"0"
"2022-01-24T20:09:54.437+03:00",,"1"
"2022-01-24T20:10:01.639+03:00",,"0"
"2022-01-24T20:25:31.451+03:00",,"1"
"2022-01-24T20:27:05.143+03:00",,"0"
"2022-01-24T20:41:45.783+03:00",,"1"
"2022-01-24T20:45:54.909+03:00",,"0"
"2022-01-24T20:53:04.844+03:00",,"0"
"2022-01-24T21:26:27.493+03:00",,"1"
"2022-01-24T21:27:22.058+03:00",,"0"
"2022-01-24T22:53:07.390+03:00",,"0"
"2022-01-24T23:07:35.366+03:00",,"1"
"2022-01-24T23:07:42.793+03:00",,"1"
"2022-01-24T23:07:46.167+03:00",,"0"
"2022-01-24T23:11:53.582+03:00",,"1"
"2022-01-24T23:11:56.831+03:00",,"0"
"2022-01-24T23:41:05.725+03:00",,"0"
"2022-01-24T23:41:11.986+03:00",,"1"
"2022-01-24T23:53:08.844+03:00",,"0"
"2022-01-25T00:33:59.875+03:00",,"0"
"2022-01-25T00:53:10.673+03:00",,"0"
"2022-01-25T02:53:13.372+03:00",,"0"
"2022-01-25T03:53:15.023+03:00",,"0"
"2022-01-25T04:53:17.397+03:00",,"0"
"2022-01-25T05:53:18.396+03:00",,"0"
"2022-01-25T06:53:19.350+03:00",,"0"
"2022-01-25T07:53:20.489+03:00",,"0"
"2022-01-25T09:11:37.543+03:00",,"1"
"2022-01-25T09:11:47.623+03:00",,"0"
"2022-01-25T09:53:24.160+03:00",,"0"
"2022-01-25T09:56:34.529+03:00",,"1"
"2022-01-25T09:56:36.894+03:00",,"0"
"2022-01-25T10:53:25.365+03:00",,"0"
"2022-01-25T11:17:48.915+03:00",,"1"
"2022-01-25T11:17:55.052+03:00",,"0"
"2022-01-25T11:30:40.698+03:00",,"1"
"2022-01-25T11:30:48.417+03:00",,"0"
"2022-01-25T11:36:05.578+03:00",,"1"
"2022-01-25T11:36:08.387+03:00",,"0"
"2022-01-25T11:53:27.565+03:00",,"0"
"2022-01-25T12:29:44.575+03:00",,"1"
"2022-01-25T12:29:57.934+03:00",,"0"
"2022-01-25T12:37:10.658+03:00",,"1"
"2022-01-25T12:37:11.256+03:00",,"0"
"2022-01-25T12:53:28.592+03:00",,"0"
"2022-01-25T13:45:57.955+03:00",,"1"
"2022-01-25T13:46:26.479+03:00",,"0"
"2022-01-25T13:53:30.051+03:00",,"0"
"2022-01-25T14:00:27.017+03:00",,"1"
"2022-01-25T14:00:31.011+03:00",,"0"
"2022-01-25T14:18:30.375+03:00",,"1"
"2022-01-25T14:19:10.461+03:00",,"0"
"2022-01-25T14:32:05.949+03:00",,"1"
"2022-01-25T14:35:18.406+03:00",,"0"
"2022-01-25T14:53:32.774+03:00",,"0"
"2022-01-25T15:09:31.598+03:00",,"1"
"2022-01-25T15:09:52.244+03:00",,"0"
"2022-01-25T15:53:33.635+03:00",,"0"
"2022-01-25T16:57:44.005+03:00",,"1"
"2022-01-25T16:57:52.840+03:00",,"0"
"2022-01-25T17:09:05.609+03:00",,"1"
"2022-01-25T17:09:12.840+03:00",,"0"
"2022-01-25T18:41:46.678+03:00",,"1"
"2022-01-25T18:41:51.509+03:00",,"0"
"2022-01-25T18:43:48.113+03:00",,"1"
"2022-01-25T18:43:51.997+03:00",,"0"
"2022-01-25T18:53:38.053+03:00",,"0"
"2022-01-25T19:30:51.201+03:00",,"1"
"2022-01-25T19:31:44.950+03:00",,"0"
"2022-01-25T19:40:56.724+03:00",,"1"
"2022-01-25T19:41:31.838+03:00",,"0"
"2022-01-25T19:52:42.008+03:00",,"1"
"2022-01-25T19:52:54.267+03:00",,"0"
"2022-01-25T19:53:37.647+03:00",,"0"
"2022-01-25T20:22:52.862+03:00",,"1"
"2022-01-25T20:23:32.774+03:00",,"0"
"2022-01-25T20:53:41.552+03:00",,"0"
"2022-01-25T21:53:42.655+03:00",,"0"
"2022-01-25T22:53:44.554+03:00",,"0"
"2022-01-25T23:49:26.591+03:00",,"0"
"2022-01-25T23:53:45.959+03:00",,"0"
"2022-01-26T00:53:47.948+03:00",,"0"
"2022-01-26T01:53:49.845+03:00",,"0"
"2022-01-26T02:53:51.284+03:00",,"0"
"2022-01-26T03:53:52.751+03:00",,"0"
"2022-01-26T04:53:54.103+03:00",,"0"
"2022-01-26T05:53:55.833+03:00",,"0"
"2022-01-26T06:53:57.519+03:00",,"0"
"2022-01-26T07:53:59.135+03:00",,"0"
"2022-01-26T08:35:54.371+03:00",,"1"
"2022-01-26T08:36:28.874+03:00",,"0"
"2022-01-26T08:53:15.562+03:00",,"1"
"2022-01-26T08:53:17.184+03:00",,"0"
"2022-01-26T08:53:58.733+03:00",,"0"
"2022-01-26T09:28:03.760+03:00",,"1"
"2022-01-26T09:28:40.932+03:00",,"0"
"2022-01-26T09:54:02.325+03:00",,"0"
"2022-01-26T10:54:04.688+03:00",,"0"
"2022-01-26T11:30:57.545+03:00",,"1"
"2022-01-26T11:31:05.205+03:00",,"0"
"2022-01-26T11:34:46.223+03:00",,"1"
"2022-01-26T11:34:52.478+03:00",,"0"
"2022-01-26T11:54:05.104+03:00",,"0"
"2022-01-26T12:54:07.571+03:00",,"0"
"2022-01-26T13:54:09.377+03:00",,"0"
"2022-01-26T14:54:10.909+03:00",,"0"
"2022-01-26T15:54:12.725+03:00",,"0"
"2022-01-26T16:00:08.244+03:00",,"1"
"2022-01-26T16:01:54.188+03:00",,"0"
"2022-01-26T16:34:09.793+03:00",,"1"
"2022-01-26T16:34:47.196+03:00",,"0"
"2022-01-26T16:54:15.493+03:00",,"0"
"2022-01-26T17:54:16.891+03:00",,"0"
"2022-01-26T18:04:58.612+03:00",,"1"
"2022-01-26T18:06:19.924+03:00",,"0"
"2022-01-26T18:23:56.705+03:00",,"1"
"2022-01-26T18:23:58.576+03:00",,"0"
"2022-01-26T18:23:59.758+03:00",,"1"
"2022-01-26T18:24:08.743+03:00",,"0"
"2022-01-26T18:24:26.224+03:00",,"1"
"2022-01-26T18:24:39.221+03:00",,"0"
"2022-01-26T18:25:08.286+03:00",,"1"
"2022-01-26T18:25:14.342+03:00",,"0"
"2022-01-26T18:35:40.201+03:00",,"1"
"2022-01-26T18:35:45.615+03:00",,"0"
"2022-01-26T18:52:19.483+03:00",,"1"
"2022-01-26T18:52:51.215+03:00",,"0"
"2022-01-26T18:54:16.150+03:00",,"0"
"2022-01-26T18:59:01.581+03:00",,"1"
"2022-01-26T19:00:47.425+03:00",,"0"
"2022-01-26T19:00:49.796+03:00",,"1"
"2022-01-26T19:01:49.780+03:00",,"0"
"2022-01-26T19:11:20.436+03:00",,"1"
"2022-01-26T19:11:36.363+03:00",,"0"
"2022-01-26T19:12:19.370+03:00",,"1"
"2022-01-26T19:12:27.619+03:00",,"0"
"2022-01-26T19:32:53.393+03:00",,"1"
"2022-01-26T19:33:00.892+03:00",,"0"
"2022-01-26T19:42:35.681+03:00",,"1"
"2022-01-26T19:45:48.971+03:00",,"0"
"2022-01-26T19:46:34.713+03:00",,"1"
"2022-01-26T19:47:21.428+03:00",,"0"
"2022-01-26T19:47:27.517+03:00",,"1"
"2022-01-26T19:47:28.813+03:00",,"0"
"2022-01-26T19:50:21.999+03:00",,"1"
"2022-01-26T19:52:46.573+03:00",,"0"
"2022-01-26T19:54:17.928+03:00",,"0"
"2022-01-26T20:54:21.995+03:00",,"0"
"2022-01-26T21:54:23.578+03:00",,"0"
"2022-01-26T22:35:41.818+03:00",,"1"
"2022-01-26T22:35:46.852+03:00",,"0"
"2022-01-26T22:54:25.385+03:00",,"0"
"2022-01-26T23:54:26.608+03:00",,"0"
"2022-01-27T00:54:28.719+03:00",,"0"
"2022-01-27T01:54:29.524+03:00",,"0"
"2022-01-27T02:54:31.582+03:00",,"0"
"2022-01-27T03:54:32.423+03:00",,"0"
"2022-01-27T04:54:34.453+03:00",,"0"
"2022-01-27T05:54:35.609+03:00",,"0"
"2022-01-27T07:54:38.718+03:00",,"0"
"2022-01-27T08:57:49.251+03:00",,"1"
"2022-01-27T08:58:02.457+03:00",,"0"
"2022-01-27T09:09:56.576+03:00",,"1"
"2022-01-27T09:09:57.181+03:00",,"0"
"2022-01-27T09:54:42.112+03:00",,"0"
"2022-01-27T10:51:26.560+03:00",,"1"
"2022-01-27T10:54:02.911+03:00",,"0"
"2022-01-27T10:54:41.721+03:00",,"0"
"2022-01-27T12:31:06.083+03:00",,"1"
"2022-01-27T12:33:14.804+03:00",,"0"
"2022-01-27T12:54:46.918+03:00",,"0"
"2022-01-27T13:03:20.491+03:00",,"1"
"2022-01-27T13:03:30.597+03:00",,"0"
"2022-01-27T13:23:52.777+03:00",,"1"
"2022-01-27T13:23:59.704+03:00",,"0"
"2022-01-27T14:40:15.814+03:00",,"0"
"2022-01-27T14:40:16.398+03:00",,"1"
"2022-01-27T14:40:17.033+03:00",,"0"
"2022-01-27T14:40:17.777+03:00",,"0"
"2022-01-27T14:49:18.688+03:00",,"1"
"2022-01-27T14:49:22.064+03:00",,"0"
"2022-01-27T14:51:26.913+03:00",,"1"
"2022-01-27T14:51:33.803+03:00",,"0"
"2022-01-27T14:54:48.147+03:00",,"0"
"2022-01-27T15:43:01.602+03:00",,"1"
"2022-01-27T15:43:07.295+03:00",,"0"
"2022-01-27T15:54:50.085+03:00",,"0"
"2022-01-27T17:03:03.407+03:00",,"1"
"2022-01-27T17:03:06.226+03:00",,"0"
"2022-01-27T17:54:52.554+03:00",,"0"
"2022-01-27T18:40:36.809+03:00",,"1"
"2022-01-27T18:40:54.809+03:00",,"0"
"2022-01-27T18:54:53.875+03:00",,"0"
"2022-01-27T19:03:48.568+03:00",,"1"
"2022-01-27T19:03:56.749+03:00",,"0"
"2022-01-27T19:07:00.569+03:00",,"1"
"2022-01-27T19:08:35.385+03:00",,"0"
"2022-01-27T19:12:55.441+03:00",,"1"
"2022-01-27T19:13:06.794+03:00",,"0"
"2022-01-27T19:14:57.715+03:00",,"1"
"2022-01-27T19:15:04.580+03:00",,"0"
"2022-01-27T19:54:56.282+03:00",,"0"
"2022-01-27T20:06:17.712+03:00",,"1"
"2022-01-27T20:06:54.014+03:00",,"0"
"2022-01-27T20:21:25.418+03:00",,"1"
"2022-01-27T20:23:11.886+03:00",,"0"
"2022-01-27T20:26:22.700+03:00",,"1"
"2022-01-27T20:26:53.172+03:00",,"0"
"2022-01-27T20:44:07.693+03:00",,"1"
"2022-01-27T20:44:11.715+03:00",,"0"
"2022-01-27T20:44:29.235+03:00",,"1"
"2022-01-27T20:45:52.148+03:00",,"1"
"2022-01-27T20:46:07.558+03:00",,"0"
"2022-01-27T20:48:13.328+03:00",,"1"
"2022-01-27T20:51:39.055+03:00",,"0"
"2022-01-27T20:54:57.625+03:00",,"0"
"2022-01-27T21:00:14.255+03:00",,"1"
"2022-01-27T21:00:15.084+03:00",,"0"
"2022-01-27T21:06:59.148+03:00",,"1"
"2022-01-27T21:07:05.476+03:00",,"0"
"2022-01-27T21:20:55.141+03:00",,"1"
"2022-01-27T21:20:57.604+03:00",,"0"
"2022-01-27T21:22:54.022+03:00",,"1"
"2022-01-27T21:22:58.718+03:00",,"0"
"2022-01-27T21:54:59.440+03:00",,"0"
"2022-01-27T22:30:28.711+03:00",,"1"
"2022-01-27T22:33:41.322+03:00",,"0"
"2022-01-27T22:34:14.107+03:00",,"0"
"2022-01-27T22:35:21.844+03:00",,"1"
"2022-01-27T22:35:30.681+03:00",,"0"
"2022-01-27T22:53:17.762+03:00",,"1"
"2022-01-27T22:54:24.426+03:00",,"0"
"2022-01-27T22:54:58.839+03:00",,"0"
"2022-01-27T23:55:02.501+03:00",,"0"
"2022-01-28T00:55:03.695+03:00",,"0"
"2022-01-28T01:55:05.605+03:00",,"0"
"2022-01-28T02:55:07.122+03:00",,"0"
"2022-01-28T03:55:07.801+03:00",,"0"
"2022-01-28T04:55:09.472+03:00",,"0"
"2022-01-28T05:55:11.200+03:00",,"0"
"2022-01-28T06:55:11.917+03:00",,"0"
"2022-01-28T07:55:13.618+03:00",,"0"
"2022-01-28T08:10:38.313+03:00",,"1"
"2022-01-28T08:11:13.212+03:00",,"0"
"2022-01-28T08:12:48.582+03:00",,"1"
"2022-01-28T08:12:56.614+03:00",,"0"
"2022-01-28T08:22:03.821+03:00",,"1"
"2022-01-28T08:22:07.261+03:00",,"0"
"2022-01-28T08:22:30.770+03:00",,"1"
"2022-01-28T08:22:38.514+03:00",,"0"
"2022-01-28T08:23:48.645+03:00",,"1"
"2022-01-28T08:24:00.077+03:00",,"0"
"2022-01-28T08:55:14.275+03:00",,"0"
"2022-01-28T11:55:18.778+03:00",,"0"
"2022-01-28T12:55:19.915+03:00",,"0"
"2022-01-28T13:11:18.817+03:00",,"0"
"2022-01-28T13:27:57.378+03:00",,"1"
"2022-01-28T13:28:11.935+03:00",,"0"
"2022-01-28T13:32:05.954+03:00",,"1"
"2022-01-28T13:33:46.253+03:00",,"0"
"2022-01-28T13:37:35.848+03:00",,"1"
"2022-01-28T13:38:27.108+03:00",,"0"
"2022-01-28T13:48:29.946+03:00",,"1"
"2022-01-28T13:48:34.869+03:00",,"0"
"2022-01-28T13:55:22.498+03:00",,"0"
"2022-01-28T14:09:13.340+03:00",,"0"
"2022-02-03T12:16:11.944+03:00",,"0"
"2022-02-03T12:59:00.721+03:00",,"0"
"2022-02-03T13:59:02.069+03:00",,"0"
"2022-02-03T14:59:05.852+03:00",,"0"
"2022-02-03T16:59:06.846+03:00",,"0"
"2022-02-03T17:12:50.985+03:00",,"1"
"2022-02-03T17:13:03.080+03:00",,"0"
"2022-02-03T17:14:20.469+03:00",,"1"
"2022-02-03T17:14:41.554+03:00",,"0"
"2022-02-03T17:16:02.789+03:00",,"1"
"2022-02-03T17:16:11.334+03:00",,"0"
"2022-02-03T17:18:15.966+03:00",,"1"
"2022-02-03T17:18:22.691+03:00",,"0"
"2022-02-03T17:54:45.044+03:00",,"1"
"2022-02-03T17:55:10.738+03:00",,"0"
"2022-02-03T17:55:56.801+03:00",,"1"
"2022-02-03T17:56:03.408+03:00",,"0"
"2022-02-03T17:59:08.283+03:00",,"0"
"2022-02-03T17:59:39.636+03:00",,"1"
"2022-02-03T17:59:46.895+03:00",,"0"
"2022-02-03T18:04:41.822+03:00",,"1"
"2022-02-03T18:06:23.956+03:00",,"0"
"2022-02-03T18:59:09.676+03:00",,"0"
"2022-02-03T19:50:01.328+03:00",,"1"
"2022-02-03T19:50:07.172+03:00",,"0"
"2022-02-03T19:50:08.289+03:00",,"1"
"2022-02-03T19:51:34.859+03:00",,"0"
"2022-02-03T19:53:51.482+03:00",,"1"
"2022-02-03T19:54:01.629+03:00",,"0"
"2022-02-03T19:59:11.032+03:00",,"0"
"2022-02-03T20:33:57.443+03:00",,"1"
"2022-02-03T20:34:01.131+03:00",,"0"
"2022-02-03T20:52:21.340+03:00",,"1"
"2022-02-03T20:52:57.230+03:00",,"0"
"2022-02-03T20:59:12.908+03:00",,"0"
"2022-02-03T21:08:21.532+03:00",,"1"
"2022-02-03T21:18:02.102+03:00",,"0"
"2022-02-03T21:53:34.923+03:00",,"1"
"2022-02-03T21:53:59.658+03:00",,"0"
"2022-02-03T21:54:00.191+03:00",,"1"
"2022-02-03T21:54:02.854+03:00",,"0"
"2022-02-03T21:59:14.224+03:00",,"0"
"2022-02-03T22:59:16.500+03:00",,"0"
"2022-02-03T23:00:09.453+03:00",,"1"
"2022-02-03T23:09:59.707+03:00",,"1"
"2022-02-03T23:10:01.051+03:00",,"0"
"2022-02-03T23:59:18.212+03:00",,"0"
"2022-02-04T00:59:19.573+03:00",,"0"
"2022-02-04T01:59:20.335+03:00",,"0"
"2022-02-04T02:01:12.767+03:00",,"0"
"2022-02-04T02:59:22.417+03:00",,"0"
"2022-02-04T03:59:23.914+03:00",,"0"
"2022-02-04T04:59:25.661+03:00",,"0"
"2022-02-04T05:59:26.347+03:00",,"0"
"2022-02-04T06:59:27.596+03:00",,"0"
"2022-02-04T07:59:29.797+03:00",,"0"
"2022-02-04T08:11:46.226+03:00",,"1"
"2022-02-04T08:12:30.253+03:00",,"0"
"2022-02-04T08:30:29.860+03:00",,"1"
"2022-02-04T08:30:33.639+03:00",,"0"
"2022-02-04T08:43:07.964+03:00",,"1"
"2022-02-04T08:43:08.588+03:00",,"0"
"2022-02-04T08:59:30.482+03:00",,"0"
"2022-02-04T09:59:32.526+03:00",,"0"
"2022-02-04T11:59:40.246+03:00",,"0"
"2022-02-04T12:59:35.844+03:00",,"0"
"2022-02-04T13:35:50.940+03:00",,"1"
"2022-02-04T13:37:15.319+03:00",,"0"
"2022-02-04T13:49:40.540+03:00",,"1"
"2022-02-04T13:50:27.849+03:00",,"0"
"2022-02-04T13:59:37.458+03:00",,"0"
"2022-02-04T14:59:38.901+03:00",,"0"
"2022-02-04T15:40:31.567+03:00",,"1"
"2022-02-04T15:40:34.988+03:00",,"0"
"2022-02-04T15:59:40.995+03:00",,"0"
"2022-02-04T16:00:08.013+03:00",,"1"
"2022-02-04T16:00:16.032+03:00",,"0"
"2022-02-04T16:59:42.679+03:00",,"0"
"2022-02-04T17:10:01.469+03:00",,"1"
"2022-02-04T17:20:22.070+03:00",,"0"
"2022-02-04T17:20:54.258+03:00",,"1"
"2022-02-04T17:21:11.297+03:00",,"0"
"2022-02-04T17:31:15.826+03:00",,"1"
"2022-02-04T17:31:27.362+03:00",,"0"
"2022-02-04T17:33:54.414+03:00",,"1"
"2022-02-04T17:34:00.742+03:00",,"0"
"2022-02-04T17:59:43.113+03:00",,"0"
"2022-02-04T18:15:28.456+03:00",,"1"
"2022-02-04T18:18:21.918+03:00",,"0"
"2022-02-04T18:59:44.559+03:00",,"0"
"2022-02-04T19:59:46.669+03:00",,"0"
"2022-02-04T20:15:46.400+03:00",,"1"
"2022-02-04T20:15:58.607+03:00",,"0"
"2022-02-04T20:27:57.868+03:00",,"1"
"2022-02-04T20:28:01.736+03:00",,"0"
"2022-02-04T20:59:47.746+03:00",,"0"
"2022-02-04T21:56:39.701+03:00",,"1"
"2022-02-04T21:56:43.080+03:00",,"0"
"2022-02-04T21:59:33.585+03:00",,"1"
"2022-02-04T21:59:47.111+03:00",,"1"
"2022-02-04T22:01:10.796+03:00",,"0"
"2022-02-04T22:59:51.221+03:00",,"0"
"2022-02-04T23:59:52.560+03:00",,"0"
"2022-02-05T00:59:53.440+03:00",,"0"
"2022-02-05T01:59:56.186+03:00",,"0"
"2022-02-05T02:59:57.568+03:00",,"0"
"2022-02-05T03:59:59.211+03:00",,"0"
"2022-02-05T06:00:00.827+03:00",,"0"
"2022-02-05T07:00:02.686+03:00",,"0"
"2022-02-05T08:00:03.839+03:00",,"0"
"2022-02-05T08:39:42.507+03:00",,"1"
"2022-02-05T08:39:45.355+03:00",,"0"
"2022-02-05T08:45:34.934+03:00",,"1"
"2022-02-05T08:46:53.541+03:00",,"0"
"2022-02-05T08:48:20.757+03:00",,"1"
"2022-02-05T08:48:24.163+03:00",,"0"
"2022-02-05T09:00:04.466+03:00",,"0"
"2022-02-05T12:00:10.185+03:00",,"0"
"2022-02-05T13:00:10.772+03:00",,"0"
"2022-02-05T14:00:11.676+03:00",,"0"
"2022-02-05T15:00:13.355+03:00",,"0"
"2022-02-05T15:43:30.320+03:00",,"1"
"2022-02-05T16:00:14.479+03:00",,"0"
"2022-02-05T17:00:18.290+03:00",,"0"
"2022-02-05T17:05:59.339+03:00",,"0"
"2022-02-05T18:00:18.579+03:00",,"0"
"2022-02-05T18:53:59.033+03:00",,"1"
"2022-02-05T18:54:33.876+03:00",,"0"
"2022-02-05T18:56:32.744+03:00",,"1"
"2022-02-05T18:56:38.462+03:00",,"0"
"2022-02-05T18:56:47.197+03:00",,"1"
"2022-02-05T18:56:54.102+03:00",,"0"
"2022-02-05T19:00:19.961+03:00",,"0"
"2022-02-05T19:12:19.015+03:00",,"1"
"2022-02-05T19:16:10.491+03:00",,"0"
"2022-02-05T19:51:20.949+03:00",,"1"
"2022-02-05T19:51:25.905+03:00",,"0"
"2022-02-05T19:52:59.628+03:00",,"1"
"2022-02-05T19:54:05.336+03:00",,"0"
"2022-02-05T20:00:21.118+03:00",,"0"
"2022-02-05T20:47:22.158+03:00",,"1"
"2022-02-05T20:49:16.439+03:00",,"0"
"2022-02-05T21:00:22.140+03:00",,"0"
"2022-02-05T21:50:13.842+03:00",,"1"
"2022-02-05T21:50:21.548+03:00",,"0"
"2022-02-05T21:51:05.554+03:00",,"1"
"2022-02-05T21:51:11.078+03:00",,"0"
"2022-02-05T21:52:13.344+03:00",,"1"
"2022-02-05T21:52:20.615+03:00",,"0"
"2022-02-05T21:53:29.879+03:00",,"1"
"2022-02-05T21:53:40.041+03:00",,"0"
"2022-02-05T22:09:46.803+03:00",,"1"
"2022-02-05T22:09:52.720+03:00",,"0"
"2022-02-05T23:00:28.237+03:00",,"0"
"2022-02-06T00:00:27.014+03:00",,"0"
"2022-02-06T02:00:30.270+03:00",,"0"
"2022-02-06T03:00:31.886+03:00",,"0"
"2022-02-06T05:00:34.770+03:00",,"0"
"2022-02-06T06:00:35.756+03:00",,"0"
"2022-02-06T07:00:36.944+03:00",,"0"
"2022-02-06T08:00:38.833+03:00",,"0"
"2022-02-06T09:00:39.906+03:00",,"0"
"2022-02-06T09:46:26.895+03:00",,"1"
"2022-02-06T09:46:35.737+03:00",,"0"
"2022-02-06T10:00:41.540+03:00",,"0"
"2022-02-06T10:34:45.185+03:00",,"1"
"2022-02-06T10:34:48.879+03:00",,"0"
"2022-02-06T11:00:42.675+03:00",,"0"
"2022-02-06T11:57:11.514+03:00",,"1"
"2022-02-06T11:57:17.539+03:00",,"0"
"2022-02-06T12:00:44.878+03:00",,"0"
"2022-02-06T12:11:01.362+03:00",,"1"
"2022-02-06T12:11:05.992+03:00",,"0"
"2022-02-06T13:00:46.546+03:00",,"0"
"2022-02-06T13:24:45.954+03:00",,"1"
"2022-02-06T13:24:52.760+03:00",,"0"
"2022-02-06T13:53:28.046+03:00",,"1"
"2022-02-06T14:00:48.107+03:00",,"0"
"2022-02-06T14:13:39.582+03:00",,"1"
"2022-02-06T14:13:59.872+03:00",,"0"
"2022-02-06T15:00:49.867+03:00",,"0"
"2022-02-06T15:31:40.537+03:00",,"1"
"2022-02-06T15:31:43.106+03:00",,"0"
"2022-02-06T16:00:51.615+03:00",,"0"
"2022-02-06T16:04:00.423+03:00",,"0"
"2022-02-06T16:32:39.054+03:00",,"1"
"2022-02-06T16:32:46.037+03:00",,"0"
"2022-02-06T16:53:00.779+03:00",,"1"
"2022-02-06T16:53:07.475+03:00",,"0"
"2022-02-06T16:56:53.936+03:00",,"1"
"2022-02-06T16:57:09.220+03:00",,"0"
"2022-02-06T17:00:53.094+03:00",,"0"
"2022-02-06T17:33:30.702+03:00",,"1"
"2022-02-06T17:34:03.640+03:00",,"0"
"2022-02-06T18:00:54.698+03:00",,"0"
"2022-02-06T18:16:50.330+03:00",,"1"
"2022-02-06T18:16:52.991+03:00",,"0"
"2022-02-06T18:24:07.938+03:00",,"1"
"2022-02-06T18:24:10.973+03:00",,"0"
"2022-02-06T18:47:01.539+03:00",,"1"
"2022-02-06T18:49:09.823+03:00",,"0"
"2022-02-06T19:00:56.039+03:00",,"0"
"2022-02-06T19:14:49.043+03:00",,"1"
"2022-02-06T19:17:58.388+03:00",,"0"
"2022-02-06T19:49:45.419+03:00",,"1"
"2022-02-06T20:00:57.600+03:00",,"1"
"2022-02-06T20:01:46.010+03:00",,"0"
"2022-02-06T20:34:12.261+03:00",,"1"
"2022-02-06T20:34:18.577+03:00",,"0"
"2022-02-06T20:56:31.704+03:00",,"1"
"2022-02-06T20:57:45.858+03:00",,"0"
"2022-02-06T21:00:59.445+03:00",,"0"
"2022-02-06T22:01:01.411+03:00",,"0"
"2022-02-06T22:32:57.615+03:00",,"1"
"2022-02-06T22:33:02.664+03:00",,"0"
"2022-02-06T23:01:02.226+03:00",,"0"
"2022-02-06T23:48:46.842+03:00",,"1"
"2022-02-06T23:49:17.128+03:00",,"0"
"2022-02-07T00:01:04.381+03:00",,"0"
"2022-02-07T00:16:29.784+03:00",,"1"
"2022-02-07T00:16:32.577+03:00",,"0"
"2022-02-07T01:01:08.739+03:00",,"0"
"2022-02-07T02:01:07.087+03:00",,"0"
"2022-02-07T03:01:07.970+03:00",,"0"
"2022-02-07T05:01:10.488+03:00",,"0"
"2022-02-07T06:01:12.321+03:00",,"0"
"2022-02-07T06:36:12.487+03:00",,"1"
"2022-02-07T06:36:35.095+03:00",,"0"
"2022-02-07T07:01:13.763+03:00",,"0"
"2022-02-07T08:01:14.724+03:00",,"0"
"2022-02-07T08:37:30.407+03:00",,"1"
"2022-02-07T08:37:38.052+03:00",,"0"
"2022-02-07T08:49:40.425+03:00",,"1"
"2022-02-07T08:49:43.127+03:00",,"0"
"2022-02-07T08:49:43.818+03:00",,"1"
"2022-02-07T08:52:52.183+03:00",,"0"
"2022-02-07T08:55:40.169+03:00",,"1"
"2022-02-07T08:55:44.312+03:00",,"0"
"2022-02-07T08:57:14.140+03:00",,"1"
"2022-02-07T08:57:19.023+03:00",,"0"
"2022-02-07T08:57:19.587+03:00",,"1"
"2022-02-07T08:57:23.445+03:00",,"0"
"2022-02-07T09:01:16.042+03:00",,"0"
"2022-02-07T09:21:50.738+03:00",,"1"
"2022-02-07T09:22:58.018+03:00",,"0"
"2022-02-07T10:01:17.387+03:00",,"0"
"2022-02-07T10:47:28.787+03:00",,"1"
"2022-02-07T10:47:48.761+03:00",,"0"
"2022-02-07T10:50:18.530+03:00",,"1"
"2022-02-07T10:50:26.378+03:00",,"0"
"2022-02-07T12:01:20.742+03:00",,"0"
"2022-02-07T12:02:43.920+03:00",,"1"
"2022-02-07T12:04:57.112+03:00",,"0"
"2022-02-07T12:08:41.112+03:00",,"1"
"2022-02-07T12:12:25.889+03:00",,"0"
"2022-02-07T12:12:44.659+03:00",,"1"
"2022-02-07T12:14:32.046+03:00",,"0"
"2022-02-07T12:34:02.951+03:00",,"1"
"2022-02-07T12:34:30.229+03:00",,"0"
"2022-02-07T13:01:22.204+03:00",,"0"
"2022-02-07T13:54:07.245+03:00",,"1"
"2022-02-07T13:54:09.309+03:00",,"0"
"2022-02-07T14:21:46.136+03:00",,"1"
"2022-02-07T14:24:25.850+03:00",,"0"
"2022-02-07T14:27:57.869+03:00",,"1"
"2022-02-07T14:28:01.337+03:00",,"0"
"2022-02-07T15:01:25.401+03:00",,"0"
"2022-02-07T15:52:51.788+03:00",,"1"
"2022-02-07T15:52:54.006+03:00",,"0"
"2022-02-07T16:01:26.543+03:00",,"0"
"2022-02-07T16:15:11.900+03:00",,"1"
"2022-02-07T16:16:24.719+03:00",,"0"
"2022-02-07T16:31:20.329+03:00",,"1"
"2022-02-07T16:31:26.246+03:00",,"0"
"2022-02-07T16:42:18.946+03:00",,"1"
"2022-02-07T16:42:31.780+03:00",,"0"
"2022-02-07T16:44:14.956+03:00",,"1"
"2022-02-07T16:44:23.918+03:00",,"0"
"2022-02-07T17:01:28.524+03:00",,"0"
"2022-02-07T19:01:31.032+03:00",,"0"
"2022-02-07T19:10:06.700+03:00",,"1"
"2022-02-07T19:12:14.658+03:00",,"0"
"2022-02-07T19:21:00.564+03:00",,"1"
"2022-02-07T19:21:07.828+03:00",,"0"
"2022-02-07T19:26:45.207+03:00",,"1"
"2022-02-07T19:27:00.877+03:00",,"0"
"2022-02-07T20:01:33.006+03:00",,"0"
"2022-02-07T20:16:26.145+03:00",,"1"
"2022-02-07T20:16:43.111+03:00",,"0"
"2022-02-07T20:40:24.586+03:00",,"1"
"2022-02-07T20:41:03.375+03:00",,"0"
"2022-02-07T21:01:33.987+03:00",,"0"
"2022-02-07T21:16:29.205+03:00",,"1"
"2022-02-07T21:17:40.993+03:00",,"0"
"2022-02-07T23:01:37.175+03:00",,"0"
"2022-02-08T00:00:17.202+03:00",,"1"
"2022-02-08T00:00:30.932+03:00",,"0"
"2022-02-08T00:01:36.688+03:00",,"0"
"2022-02-08T01:01:40.598+03:00",,"0"
"2022-02-08T01:59:34.648+03:00",,"1"
"2022-02-08T02:01:41.798+03:00",,"0"
"2022-02-08T02:40:40.991+03:00",,"0"
"2022-02-08T02:40:42.197+03:00",,"1"
"2022-02-08T03:00:57.923+03:00",,"0"
"2022-02-08T03:01:42.806+03:00",,"0"
"2022-02-08T04:01:44.380+03:00",,"0"
"2022-02-08T05:01:45.844+03:00",,"0"
"2022-02-08T06:01:47.657+03:00",,"0"
"2022-02-08T06:43:51.370+03:00",,"1"
"2022-02-08T06:44:20.792+03:00",,"0"
"2022-02-08T07:01:49.349+03:00",,"0"
"2022-02-08T07:43:52.180+03:00",,"1"
"2022-02-08T07:46:49.549+03:00",,"0"
"2022-02-08T07:49:21.446+03:00",,"1"
"2022-02-08T07:49:23.685+03:00",,"0"
"2022-02-08T08:01:50.377+03:00",,"0"
"2022-02-08T09:01:51.840+03:00",,"0"
"2022-02-08T10:01:53.624+03:00",,"0"
"2022-02-08T10:39:29.992+03:00",,"1"
"2022-02-08T10:40:56.132+03:00",,"0"
"2022-02-08T11:02:02.350+03:00",,"0"
"2022-02-08T12:01:56.581+03:00",,"0"
"2022-02-08T12:31:07.913+03:00",,"1"
"2022-02-08T12:31:31.875+03:00",,"0"
"2022-02-08T12:58:20.871+03:00",,"1"
"2022-02-08T13:00:05.608+03:00",,"0"
"2022-02-08T13:01:55.609+03:00",,"0"
"2022-02-08T14:01:59.055+03:00",,"0"
"2022-02-08T14:13:01.573+03:00",,"1"
"2022-02-08T14:13:05.788+03:00",,"0"
"2022-02-08T14:15:29.299+03:00",,"1"
"2022-02-08T14:16:06.718+03:00",,"0"
"2022-02-08T14:19:01.523+03:00",,"1"
"2022-02-08T14:25:04.488+03:00",,"0"
"2022-02-08T14:32:24.477+03:00",,"1"
"2022-02-08T14:32:32.050+03:00",,"0"
"2022-02-08T14:32:50.341+03:00",,"1"
"2022-02-08T14:34:30.466+03:00",,"0"
"2022-02-08T15:02:00.500+03:00",,"0"
"2022-02-08T16:02:02.050+03:00",,"0"
"2022-02-08T16:14:09.920+03:00",,"1"
"2022-02-08T16:17:22.314+03:00",,"0"
"2022-02-08T16:48:39.163+03:00",,"1"
"2022-02-08T16:48:40.744+03:00",,"0"
"2022-02-08T17:03:57.769+03:00",,"1"
"2022-02-08T17:05:05.669+03:00",,"0"
"2022-02-08T17:20:37.547+03:00",,"1"
"2022-02-08T17:22:01.325+03:00",,"0"
"2022-02-08T17:22:02.848+03:00",,"1"
"2022-02-08T17:22:06.218+03:00",,"0"
"2022-02-08T17:22:57.876+03:00",,"1"
"2022-02-08T17:23:10.027+03:00",,"0"
"2022-02-08T17:24:52.081+03:00",,"1"
"2022-02-08T17:25:33.760+03:00",,"0"
"2022-02-08T17:28:11.777+03:00",,"1"
"2022-02-08T17:28:18.411+03:00",,"0"
"2022-02-08T18:02:04.769+03:00",,"0"
"2022-02-08T18:13:30.653+03:00",,"1"
"2022-02-08T18:13:34.793+03:00",,"0"
"2022-02-08T18:15:52.262+03:00",,"1"
"2022-02-08T18:17:22.804+03:00",,"0"
"2022-02-08T19:02:05.875+03:00",,"0"
"2022-02-08T19:15:31.518+03:00",,"1"
"2022-02-08T19:15:38.070+03:00",,"0"
"2022-02-08T19:20:10.762+03:00",,"1"
"2022-02-08T19:20:20.005+03:00",,"0"
"2022-02-08T19:23:43.932+03:00",,"1"
"2022-02-08T19:23:59.531+03:00",,"0"
"2022-02-08T19:35:58.048+03:00",,"1"
"2022-02-08T19:35:59.763+03:00",,"0"
"2022-02-08T19:55:17.239+03:00",,"1"
"2022-02-08T19:55:21.540+03:00",,"0"
"2022-02-08T20:02:07.735+03:00",,"0"
"2022-02-08T20:43:08.761+03:00",,"1"
"2022-02-08T20:43:54.209+03:00",,"0"
"2022-02-08T20:46:16.629+03:00",,"1"
"2022-02-08T20:46:26.968+03:00",,"0"
"2022-02-08T21:02:10.172+03:00",,"0"
"2022-02-08T22:02:11.349+03:00",,"0"
"2022-02-08T23:03:30.308+03:00",,"1"
"2022-02-08T23:03:33.556+03:00",,"0"
"2022-02-09T00:02:13.358+03:00",,"0"
"2022-02-09T00:15:45.741+03:00",,"0"
"2022-02-09T01:02:14.522+03:00",,"0"
"2022-02-09T02:02:16.631+03:00",,"0"
"2022-02-09T03:02:17.725+03:00",,"0"
"2022-02-09T04:02:18.246+03:00",,"0"
"2022-02-09T05:02:19.409+03:00",,"0"
"2022-02-09T06:02:20.673+03:00",,"0"
"2022-02-09T06:42:21.416+03:00",,"1"
"2022-02-09T06:43:15.189+03:00",,"0"
"2022-02-09T07:02:21.863+03:00",,"0"
"2022-02-09T08:02:23.599+03:00",,"0"
"2022-02-09T08:48:24.402+03:00",,"1"
"2022-02-09T08:48:29.751+03:00",,"0"
"2022-02-09T08:55:08.912+03:00",,"1"
"2022-02-09T08:55:11.871+03:00",,"0"
"2022-02-09T09:02:24.166+03:00",,"0"
"2022-02-09T09:06:37.614+03:00",,"1"
"2022-02-09T09:08:08.651+03:00",,"0"
"2022-02-09T09:09:24.729+03:00",,"1"
"2022-02-09T09:10:17.367+03:00",,"0"
"2022-02-09T10:02:26.418+03:00",,"0"
"2022-02-09T11:00:24.568+03:00",,"1"
"2022-02-09T11:02:27.423+03:00",,"0"
"2022-02-09T12:02:29.599+03:00",,"0"
"2022-02-09T12:30:34.039+03:00",,"0"
"2022-02-09T12:30:39.968+03:00",,"1"
"2022-02-09T12:51:03.754+03:00",,"1"
"2022-02-09T12:52:38.871+03:00",,"0"
"2022-02-09T12:53:25.639+03:00",,"0"
"2022-02-09T13:02:30.337+03:00",,"0"
"2022-02-09T13:16:14.546+03:00",,"1"
"2022-02-09T13:16:21.277+03:00",,"0"
"2022-02-09T14:02:32.166+03:00",,"0"
"2022-02-09T15:02:32.708+03:00",,"0"
"2022-02-09T15:54:26.328+03:00",,"1"
"2022-02-09T15:56:27.736+03:00",,"0"
"2022-02-09T16:02:34.248+03:00",,"0"
"2022-02-09T17:02:36.176+03:00",,"0"
"2022-02-09T18:02:37.007+03:00",,"0"
"2022-02-09T18:05:20.374+03:00",,"0"
"2022-02-09T18:53:38.620+03:00",,"1"
"2022-02-09T18:54:25.882+03:00",,"0"
"2022-02-09T19:02:38.748+03:00",,"0"
"2022-02-09T19:50:37.108+03:00",,"1"
"2022-02-09T19:50:53.136+03:00",,"0"
"2022-02-09T19:58:33.504+03:00",,"1"
"2022-02-09T19:58:47.037+03:00",,"0"
"2022-02-09T20:02:40.210+03:00",,"0"
"2022-02-09T20:07:47.935+03:00",,"1"
"2022-02-09T20:10:11.904+03:00",,"0"
"2022-02-09T20:16:09.519+03:00",,"1"
"2022-02-09T20:16:16.748+03:00",,"0"
"2022-02-09T20:17:36.518+03:00",,"0"
"2022-02-09T20:27:41.267+03:00",,"1"
"2022-02-09T20:31:00.924+03:00",,"0"
"2022-02-09T21:02:51.805+03:00",,"0"
"2022-02-09T21:12:31.433+03:00",,"1"
"2022-02-09T21:14:09.525+03:00",,"0"
"2022-02-09T21:36:35.086+03:00",,"1"
"2022-02-09T21:37:21.420+03:00",,"0"
"2022-02-09T22:02:42.890+03:00",,"0"
"2022-02-09T23:02:43.797+03:00",,"0"
"2022-02-10T00:02:45.461+03:00",,"0"
"2022-02-10T01:02:46.250+03:00",,"0"
"2022-02-10T02:02:47.495+03:00",,"0"
"2022-02-10T03:02:49.152+03:00",,"0"
"2022-02-10T04:02:50.039+03:00",,"0"
"2022-02-10T05:02:51.204+03:00",,"0"
"2022-02-10T06:02:53.040+03:00",,"0"
"2022-02-10T06:40:50.340+03:00",,"1"
"2022-02-10T06:41:42.356+03:00",,"0"
"2022-02-10T07:02:53.643+03:00",,"0"
"2022-02-10T08:02:54.719+03:00",,"0"
"2022-02-10T08:55:10.923+03:00",,"1"
"2022-02-10T08:55:13.988+03:00",,"0"
"2022-02-10T09:02:56.237+03:00",,"0"
"2022-02-10T09:03:42.721+03:00",,"1"
"2022-02-10T09:03:45.591+03:00",,"0"
"2022-02-10T10:02:57.493+03:00",,"0"
"2022-02-10T11:02:58.617+03:00",,"0"
"2022-02-10T11:49:22.677+03:00",,"1"
"2022-02-10T11:52:05.617+03:00",,"0"
"2022-02-10T11:59:10.040+03:00",,"1"
"2022-02-10T11:59:18.605+03:00",,"0"
"2022-02-10T12:03:00.517+03:00",,"0"
"2022-02-10T12:31:43.550+03:00",,"1"
"2022-02-10T12:31:54.498+03:00",,"0"
"2022-02-10T12:38:08.713+03:00",,"1"
"2022-02-10T12:38:26.259+03:00",,"0"
"2022-02-10T12:42:03.646+03:00",,"1"
"2022-02-10T12:42:17.269+03:00",,"0"
"2022-02-10T12:42:29.717+03:00",,"1"
"2022-02-10T12:43:34.300+03:00",,"0"
"2022-02-10T12:46:25.837+03:00",,"1"
"2022-02-10T12:46:57.853+03:00",,"0"
"2022-02-10T13:03:01.636+03:00",,"0"
"2022-02-10T13:03:32.423+03:00",,"1"
"2022-02-10T13:06:06.086+03:00",,"0"
"2022-02-10T13:10:34.175+03:00",,"1"
"2022-02-10T13:11:44.745+03:00",,"0"
"2022-02-10T13:32:09.983+03:00",,"1"
"2022-02-10T13:32:12.422+03:00",,"0"
"2022-02-10T14:03:03.323+03:00",,"0"
"2022-02-10T14:47:52.598+03:00",,"1"
"2022-02-10T14:48:03.841+03:00",,"0"
"2022-02-10T15:03:04.340+03:00",,"0"
"2022-02-10T16:00:34.791+03:00",,"1"
"2022-02-10T16:01:22.109+03:00",,"0"
"2022-02-10T16:39:39.757+03:00",,"1"
"2022-02-10T16:42:31.465+03:00",,"0"
"2022-02-10T16:42:34.174+03:00",,"1"
"2022-02-10T16:43:36.267+03:00",,"0"
"2022-02-10T17:03:07.597+03:00",,"0"
"2022-02-10T17:10:12.530+03:00",,"1"
"2022-02-10T17:11:17.173+03:00",,"0"
"2022-02-10T17:33:51.029+03:00",,"1"
"2022-02-10T17:36:14.755+03:00",,"0"
"2022-02-10T17:56:53.286+03:00",,"1"
"2022-02-10T17:58:32.211+03:00",,"0"
"2022-02-10T18:03:09.019+03:00",,"0"
"2022-02-10T18:24:42.431+03:00",,"1"
"2022-02-10T18:25:13.390+03:00",,"0"
"2022-02-10T18:47:01.390+03:00",,"1"
"2022-02-10T18:47:02.770+03:00",,"0"
"2022-02-10T18:47:40.335+03:00",,"1"
"2022-02-10T18:47:47.783+03:00",,"0"
"2022-02-10T18:59:42.437+03:00",,"1"
"2022-02-10T19:00:00.575+03:00",,"0"
"2022-02-10T19:03:10.720+03:00",,"0"
"2022-02-10T19:06:35.551+03:00",,"1"
"2022-02-10T19:06:38.711+03:00",,"0"
"2022-02-10T19:40:37.106+03:00",,"1"
"2022-02-10T19:43:57.838+03:00",,"0"
"2022-02-10T20:03:11.710+03:00",,"0"
"2022-02-10T20:18:02.655+03:00",,"1"
"2022-02-10T20:35:00.534+03:00",,"1"
"2022-02-10T20:36:50.052+03:00",,"0"
"2022-02-10T20:46:16.424+03:00",,"1"
"2022-02-10T20:47:07.495+03:00",,"0"
"2022-02-10T20:56:43.283+03:00",,"1"
"2022-02-10T20:56:52.400+03:00",,"0"
"2022-02-10T21:03:13.841+03:00",,"0"
"2022-02-10T21:09:45.045+03:00",,"1"
"2022-02-10T21:10:07.930+03:00",,"0"
"2022-02-10T21:14:18.565+03:00",,"1"
"2022-02-10T21:14:20.878+03:00",,"0"
"2022-02-10T21:20:45.581+03:00",,"1"
"2022-02-10T21:21:15.164+03:00",,"0"
"2022-02-10T21:35:03.328+03:00",,"1"
"2022-02-10T21:35:24.437+03:00",,"0"
"2022-02-10T21:48:23.108+03:00",,"1"
"2022-02-10T21:49:03.386+03:00",,"0"
"2022-02-10T22:03:14.769+03:00",,"0"
"2022-02-10T22:36:23.076+03:00",,"1"
"2022-02-10T22:36:30.872+03:00",,"0"
"2022-02-10T23:03:17.562+03:00",,"0"
"2022-02-10T23:16:30.333+03:00",,"1"
"2022-02-10T23:17:15.246+03:00",,"0"
"2022-02-11T00:03:18.219+03:00",,"0"
"2022-02-11T00:58:35.761+03:00",,"0"
"2022-02-11T01:03:19.303+03:00",,"0"
"2022-02-11T03:03:22.263+03:00",,"0"
"2022-02-11T06:03:25.590+03:00",,"0"
"2022-02-11T06:38:28.472+03:00",,"1"
"2022-02-11T06:38:47.711+03:00",,"0"
"2022-02-11T07:03:26.647+03:00",,"0"
"2022-02-11T08:03:27.962+03:00",,"0"
"2022-02-11T08:14:23.566+03:00",,"1"
"2022-02-11T08:14:27.128+03:00",,"0"
"2022-02-11T08:28:33.763+03:00",,"1"
"2022-02-11T08:28:38.617+03:00",,"0"
"2022-02-11T11:03:32.020+03:00",,"0"
"2022-02-11T11:30:29.929+03:00",,"1"
"2022-02-11T11:32:32.639+03:00",,"0"
"2022-02-11T11:35:37.655+03:00",,"1"
"2022-02-11T11:35:42.666+03:00",,"0"
"2022-02-11T12:03:33.058+03:00",,"0"
"2022-02-11T12:16:21.245+03:00",,"1"
"2022-02-11T12:19:06.136+03:00",,"0"
"2022-02-11T12:36:14.411+03:00",,"1"
"2022-02-11T12:37:50.795+03:00",,"0"
"2022-02-11T13:03:34.486+03:00",,"0"
"2022-02-11T13:04:50.447+03:00",,"1"
"2022-02-11T13:06:15.077+03:00",,"0"
"2022-02-11T13:29:13.959+03:00",,"1"
"2022-02-11T13:29:17.019+03:00",,"0"
"2022-02-11T13:41:52.795+03:00",,"1"
"2022-02-11T13:42:15.234+03:00",,"0"
"2022-02-11T13:45:23.340+03:00",,"1"
"2022-02-11T13:45:28.308+03:00",,"0"
"2022-02-11T13:52:32.107+03:00",,"1"
"2022-02-11T13:52:43.366+03:00",,"0"
"2022-02-11T14:03:35.956+03:00",,"0"
"2022-02-11T14:10:12.744+03:00",,"1"
"2022-02-11T14:10:19.101+03:00",,"0"
"2022-02-11T14:10:53.382+03:00",,"1"
"2022-02-11T14:13:53.713+03:00",,"0"
"2022-02-11T15:01:41.861+03:00",,"1"
"2022-02-11T15:02:30.202+03:00",,"0"
"2022-02-11T15:13:48.336+03:00",,"1"
"2022-02-11T15:14:23.547+03:00",,"0"
"2022-02-11T15:16:33.188+03:00",,"1"
"2022-02-11T15:18:34.561+03:00",,"0"
"2022-02-11T16:03:39.214+03:00",,"0"
"2022-02-11T16:27:34.082+03:00",,"1"
"2022-02-11T16:28:59.322+03:00",,"0"
"2022-02-11T17:03:41.330+03:00",,"0"
"2022-02-11T17:33:53.973+03:00",,"1"
"2022-02-11T17:35:10.231+03:00",,"0"
"2022-02-11T17:45:40.876+03:00",,"1"
"2022-02-11T17:45:53.012+03:00",,"0"
"2022-02-11T17:47:05.639+03:00",,"1"
"2022-02-11T17:47:16.038+03:00",,"0"
"2022-02-11T18:03:42.602+03:00",,"0"
"2022-02-11T18:08:12.533+03:00",,"1"
"2022-02-11T18:11:29.992+03:00",,"0"
"2022-02-11T18:50:32.603+03:00",,"1"
"2022-02-11T18:50:45.251+03:00",,"0"
"2022-02-11T19:03:43.849+03:00",,"0"
"2022-02-11T19:14:43.086+03:00",,"1"
"2022-02-11T19:14:56.740+03:00",,"0"
"2022-02-11T19:23:16.931+03:00",,"1"
"2022-02-11T19:24:22.823+03:00",,"0"
"2022-02-11T19:33:54.364+03:00",,"1"
"2022-02-11T19:34:04.876+03:00",,"0"
"2022-02-11T19:50:31.655+03:00",,"1"
"2022-02-11T19:50:37.424+03:00",,"0"
"2022-02-11T19:55:44.197+03:00",,"1"
"2022-02-11T19:55:49.364+03:00",,"0"
"2022-02-11T20:03:45.407+03:00",,"0"
"2022-02-11T20:39:15.078+03:00",,"1"
"2022-02-11T20:41:08.977+03:00",,"0"
"2022-02-11T21:03:45.745+03:00",,"0"
"2022-02-11T21:38:23.443+03:00",,"1"
"2022-02-11T21:39:09.532+03:00",,"0"
"2022-02-11T22:03:47.386+03:00",,"0"
"2022-02-11T22:34:51.014+03:00",,"1"
"2022-02-11T22:34:56.592+03:00",,"0"
"2022-02-11T23:03:48.419+03:00",,"0"
"2022-02-11T23:12:09.663+03:00",,"1"
"2022-02-11T23:12:14.370+03:00",,"0"
"2022-02-11T23:14:25.126+03:00",,"1"
"2022-02-11T23:14:36.325+03:00",,"0"
"2022-02-12T00:03:51.346+03:00",,"0"
"2022-02-12T01:03:51.293+03:00",,"0"
"2022-02-12T02:03:53.059+03:00",,"0"
"2022-02-12T03:03:53.880+03:00",,"0"
"2022-02-12T04:03:54.840+03:00",,"0"
"2022-02-12T05:03:56.441+03:00",,"0"
"2022-02-12T06:03:57.800+03:00",,"0"
"2022-02-12T07:03:59.054+03:00",,"0"
"2022-02-12T08:03:59.887+03:00",,"0"
"2022-02-12T08:50:23.837+03:00",,"1"
"2022-02-12T08:50:28.573+03:00",,"0"
"2022-02-12T08:54:10.711+03:00",,"1"
"2022-02-12T08:54:13.827+03:00",,"0"
"2022-02-12T08:59:57.286+03:00",,"1"
"2022-02-12T09:00:02.244+03:00",,"0"
"2022-02-12T09:04:00.957+03:00",,"0"
"2022-02-12T11:04:03.890+03:00",,"0"
"2022-02-12T11:31:47.626+03:00",,"1"
"2022-02-12T11:32:01.416+03:00",,"0"
"2022-02-12T11:54:18.926+03:00",,"1"
"2022-02-12T11:54:24.432+03:00",,"0"
"2022-02-12T12:04:04.912+03:00",,"0"
"2022-02-12T12:56:53.832+03:00",,"1"
"2022-02-12T12:56:57.933+03:00",,"0"
"2022-02-12T13:04:06.249+03:00",,"0"
"2022-02-12T13:16:11.409+03:00",,"1"
"2022-02-12T13:17:08.711+03:00",,"0"
"2022-02-12T13:42:21.063+03:00",,"1"
"2022-02-12T14:00:35.841+03:00",,"1"
"2022-02-12T14:03:25.795+03:00",,"0"
"2022-02-12T14:03:43.345+03:00",,"0"
"2022-02-12T14:04:05.913+03:00",,"0"
"2022-02-12T15:04:08.932+03:00",,"0"
"2022-02-12T18:04:12.652+03:00",,"0"
"2022-02-12T19:04:14.088+03:00",,"0"
"2022-02-12T20:04:16.269+03:00",,"0"
"2022-02-12T20:59:46.531+03:00",,"1"
"2022-02-12T21:00:24.861+03:00",,"0"
"2022-02-12T21:04:16.928+03:00",,"0"
"2022-02-12T21:21:46.364+03:00",,"1"
"2022-02-12T21:22:54.462+03:00",,"0"
"2022-02-12T21:36:33.507+03:00",,"1"
"2022-02-12T21:38:47.732+03:00",,"0"
"2022-02-12T22:04:18.754+03:00",,"0"
"2022-02-12T23:04:19.611+03:00",,"0"
"2022-02-12T23:26:14.401+03:00",,"1"
"2022-02-12T23:27:43.535+03:00",,"0"
"2022-02-12T23:40:05.670+03:00",,"1"
"2022-02-12T23:40:37.969+03:00",,"0"
"2022-02-13T00:04:21.535+03:00",,"0"
"2022-02-13T01:04:22.790+03:00",,"0"
"2022-02-13T02:04:23.690+03:00",,"0"
"2022-02-13T03:04:25.412+03:00",,"0"
"2022-02-13T04:04:26.192+03:00",,"0"
"2022-02-13T05:04:28.057+03:00",,"0"
"2022-02-13T06:04:28.775+03:00",,"0"
"2022-02-13T08:04:31.546+03:00",,"0"
"2022-02-13T08:13:31.991+03:00",,"1"
"2022-02-13T08:13:42.209+03:00",,"0"
"2022-02-13T09:01:17.771+03:00",,"1"
"2022-02-13T09:01:19.979+03:00",,"0"
"2022-02-13T09:04:32.500+03:00",,"0"
"2022-02-13T10:04:34.387+03:00",,"0"
"2022-02-13T11:04:35.554+03:00",,"0"
"2022-02-13T12:04:36.278+03:00",,"0"
"2022-02-13T12:18:32.838+03:00",,"1"
"2022-02-13T12:18:41.100+03:00",,"0"
"2022-02-13T12:23:27.206+03:00",,"1"
"2022-02-13T12:23:32.751+03:00",,"0"
"2022-02-13T13:04:38.740+03:00",,"0"
"2022-02-13T13:53:26.158+03:00",,"1"
"2022-02-13T13:55:24.703+03:00",,"0"
"2022-02-13T14:04:39.814+03:00",,"0"
"2022-02-13T15:04:42.630+03:00",,"0"
"2022-02-13T16:42:35.508+03:00",,"1"
"2022-02-13T16:42:58.239+03:00",,"0"
"2022-02-13T16:48:52.395+03:00",,"1"
"2022-02-13T16:53:23.755+03:00",,"0"
"2022-02-13T16:58:29.106+03:00",,"1"
"2022-02-13T16:58:55.238+03:00",,"0"
"2022-02-13T16:59:15.125+03:00",,"1"
"2022-02-13T16:59:27.340+03:00",,"0"
"2022-02-13T17:01:17.461+03:00",,"1"
"2022-02-13T17:02:17.703+03:00",,"0"
"2022-02-13T17:04:42.947+03:00",,"0"
"2022-02-13T17:13:01.339+03:00",,"1"
"2022-02-13T17:13:02.062+03:00",,"0"
"2022-02-13T17:13:55.332+03:00",,"1"
"2022-02-13T17:14:48.864+03:00",,"0"
"2022-02-13T17:27:38.644+03:00",,"1"
"2022-02-13T17:29:27.169+03:00",,"0"
"2022-02-13T17:33:14.891+03:00",,"1"
"2022-02-13T17:33:44.081+03:00",,"0"
"2022-02-13T17:34:22.307+03:00",,"1"
"2022-02-13T17:34:28.251+03:00",,"0"
"2022-02-13T17:35:03.763+03:00",,"1"
"2022-02-13T17:35:29.712+03:00",,"0"
"2022-02-13T18:00:07.353+03:00",,"1"
"2022-02-13T18:00:10.067+03:00",,"0"
"2022-02-13T18:04:02.845+03:00",,"1"
"2022-02-13T18:04:10.543+03:00",,"0"
"2022-02-13T18:04:11.130+03:00",,"1"
"2022-02-13T18:04:11.707+03:00",,"0"
"2022-02-13T18:04:44.729+03:00",,"0"
"2022-02-13T18:06:38.025+03:00",,"1"
"2022-02-13T18:06:42.369+03:00",,"0"
"2022-02-13T18:07:04.246+03:00",,"1"
"2022-02-13T18:07:09.313+03:00",,"0"
"2022-02-13T18:10:55.715+03:00",,"1"
"2022-02-13T18:10:58.717+03:00",,"0"
"2022-02-13T18:16:49.411+03:00",,"1"
"2022-02-13T18:16:51.904+03:00",,"0"
"2022-02-13T18:17:30.112+03:00",,"1"
"2022-02-13T18:17:37.563+03:00",,"0"
"2022-02-13T18:30:46.632+03:00",,"1"
"2022-02-13T18:30:51.265+03:00",,"0"
"2022-02-13T18:32:34.565+03:00",,"1"
"2022-02-13T18:32:49.118+03:00",,"0"
"2022-02-13T18:36:13.106+03:00",,"1"
"2022-02-13T18:36:23.801+03:00",,"0"
"2022-02-13T19:04:48.241+03:00",,"0"
"2022-02-13T20:04:49.485+03:00",,"0"
"2022-02-13T21:04:51.353+03:00",,"0"
"2022-02-13T21:13:19.384+03:00",,"1"
"2022-02-13T21:14:57.944+03:00",,"0"
"2022-02-13T22:04:52.567+03:00",,"0"
"2022-02-13T22:31:20.139+03:00",,"1"
"2022-02-13T22:33:14.974+03:00",,"0"
"2022-02-13T22:47:00.866+03:00",,"1"
"2022-02-13T22:47:06.713+03:00",,"0"
"2022-02-13T23:04:53.890+03:00",,"0"
"2022-02-13T23:57:40.772+03:00",,"1"
"2022-02-13T23:58:11.131+03:00",,"0"
"2022-02-14T00:02:06.539+03:00",,"1"
"2022-02-14T00:03:09.471+03:00",,"0"
"2022-02-14T00:04:53.891+03:00",,"0"
"2022-02-14T01:04:57.483+03:00",,"0"
"2022-02-14T02:04:59.237+03:00",,"0"
"2022-02-14T03:05:00.086+03:00",,"0"
"2022-02-14T04:05:01.854+03:00",,"0"
"2022-02-14T05:05:02.417+03:00",,"0"
"2022-02-14T06:05:03.845+03:00",,"0"
"2022-02-14T08:05:06.499+03:00",,"0"
"2022-02-14T08:44:56.294+03:00",,"1"
"2022-02-14T08:49:19.081+03:00",,"0"
"2022-02-14T08:52:43.209+03:00",,"1"
"2022-02-14T08:52:43.902+03:00",,"0"
"2022-02-14T09:05:08.020+03:00",,"0"
"2022-02-14T10:05:09.028+03:00",,"0"
"2022-02-14T11:04:37.257+03:00",,"1"
"2022-02-14T11:04:43.440+03:00",,"0"
"2022-02-14T11:05:08.565+03:00",,"0"
"2022-02-14T11:06:54.362+03:00",,"0"
"2022-02-14T12:27:20.798+03:00",,"1"
"2022-02-14T12:28:41.581+03:00",,"0"
"2022-02-14T12:36:06.332+03:00",,"1"
"2022-02-14T12:36:20.617+03:00",,"0"
"2022-02-14T13:05:12.935+03:00",,"0"
"2022-02-14T13:13:35.526+03:00",,"1"
"2022-02-14T13:14:13.306+03:00",,"0"
"2022-02-14T13:14:53.755+03:00",,"1"
"2022-02-14T13:15:48.100+03:00",,"0"
"2022-02-14T13:35:45.691+03:00",,"1"
"2022-02-14T13:35:49.034+03:00",,"0"
"2022-02-14T13:58:13.284+03:00",,"1"
"2022-02-14T13:58:42.934+03:00",,"0"
"2022-02-14T14:05:14.043+03:00",,"0"
"2022-02-14T14:52:34.623+03:00",,"1"
"2022-02-14T15:05:16.076+03:00",,"0"
"2022-02-14T15:36:57.498+03:00",,"0"
"2022-02-14T16:02:22.009+03:00",,"1"
"2022-02-14T16:02:26.915+03:00",,"0"
"2022-02-14T16:05:16.696+03:00",,"0"
"2022-02-14T16:06:19.779+03:00",,"1"
"2022-02-14T16:06:43.991+03:00",,"0"
"2022-02-14T16:25:12.742+03:00",,"1"
"2022-02-14T16:25:54.081+03:00",,"0"
"2022-02-14T17:05:18.572+03:00",,"0"
"2022-02-14T18:05:19.308+03:00",,"0"
"2022-02-14T18:10:34.097+03:00",,"1"
"2022-02-14T18:10:39.918+03:00",,"0"
"2022-02-14T19:05:20.662+03:00",,"0"
"2022-02-14T19:18:27.659+03:00",,"1"
"2022-02-14T19:18:36.550+03:00",,"0"
"2022-02-14T19:20:54.321+03:00",,"1"
"2022-02-14T19:21:16.036+03:00",,"0"
"2022-02-14T19:50:19.522+03:00",,"1"
"2022-02-14T19:53:51.821+03:00",,"0"
"2022-02-14T20:05:22.124+03:00",,"0"
"2022-02-14T20:22:14.525+03:00",,"1"
"2022-02-14T20:24:19.409+03:00",,"0"
"2022-02-14T20:55:46.600+03:00",,"1"
"2022-02-14T20:55:51.455+03:00",,"0"
"2022-02-14T21:01:17.332+03:00",,"1"
"2022-02-14T21:01:28.689+03:00",,"0"
"2022-02-14T21:05:23.427+03:00",,"0"
"2022-02-14T21:09:51.567+03:00",,"1"
"2022-02-14T21:16:03.284+03:00",,"0"
"2022-02-14T21:52:41.819+03:00",,"1"
"2022-02-14T21:52:54.349+03:00",,"0"
"2022-02-14T22:05:25.634+03:00",,"0"
"2022-02-14T22:43:34.022+03:00",,"1"
"2022-02-14T22:44:32.332+03:00",,"0"
"2022-02-14T22:46:07.633+03:00",,"1"
"2022-02-14T22:49:20.272+03:00",,"1"
"2022-02-14T22:49:21.983+03:00",,"0"
"2022-02-14T23:05:27.787+03:00",,"0"
"2022-02-14T23:14:58.020+03:00",,"1"
"2022-02-14T23:17:01.445+03:00",,"1"
"2022-02-14T23:17:04.474+03:00",,"0"
"2022-02-15T00:05:34.307+03:00",,"0"
"2022-02-15T01:05:29.930+03:00",,"0"
"2022-02-15T02:05:31.389+03:00",,"0"
"2022-02-15T02:23:41.482+03:00",,"0"
"2022-02-15T03:05:32.744+03:00",,"0"
"2022-02-15T04:05:34.428+03:00",,"0"
"2022-02-15T05:05:36.535+03:00",,"0"
"2022-02-15T06:05:37.927+03:00",,"0"
"2022-02-15T06:39:09.311+03:00",,"1"
"2022-02-15T06:40:19.289+03:00",,"0"
"2022-02-15T07:05:39.096+03:00",,"0"
"2022-02-15T08:05:40.494+03:00",,"0"
"2022-02-15T08:31:42.260+03:00",,"1"
"2022-02-15T08:31:50.720+03:00",,"0"
"2022-02-15T08:43:09.857+03:00",,"1"
"2022-02-15T08:43:18.162+03:00",,"0"
"2022-02-15T08:45:10.021+03:00",,"1"
"2022-02-15T08:45:49.441+03:00",,"0"
"2022-02-15T08:46:53.187+03:00",,"1"
"2022-02-15T08:46:58.233+03:00",,"0"
"2022-02-15T08:56:48.944+03:00",,"1"
"2022-02-15T08:56:49.648+03:00",,"0"
"2022-02-15T09:05:42.237+03:00",,"0"
"2022-02-15T10:05:44.087+03:00",,"0"
"2022-02-15T10:39:46.171+03:00",,"1"
"2022-02-15T10:39:53.468+03:00",,"0"
"2022-02-15T10:42:07.601+03:00",,"1"
"2022-02-15T10:42:12.842+03:00",,"0"
"2022-02-15T10:44:35.109+03:00",,"1"
"2022-02-15T10:44:40.887+03:00",,"0"
"2022-02-15T10:44:42.214+03:00",,"1"
"2022-02-15T10:46:58.364+03:00",,"0"
"2022-02-15T11:05:45.446+03:00",,"0"
"2022-02-15T11:41:44.585+03:00",,"1"
"2022-02-15T11:42:21.039+03:00",,"0"
"2022-02-15T12:05:47.110+03:00",,"0"
"2022-02-15T12:35:29.785+03:00",,"1"
"2022-02-15T12:35:36.720+03:00",,"0"
"2022-02-15T12:45:45.843+03:00",,"1"
"2022-02-15T12:45:48.185+03:00",,"0"
"2022-02-15T12:48:19.906+03:00",,"1"
"2022-02-15T12:48:45.235+03:00",,"0"
"2022-02-15T12:49:52.242+03:00",,"1"
"2022-02-15T12:50:04.111+03:00",,"0"
"2022-02-15T12:50:59.991+03:00",,"1"
"2022-02-15T12:51:03.843+03:00",,"0"
"2022-02-15T12:59:53.029+03:00",,"1"
"2022-02-15T13:01:57.867+03:00",,"0"
"2022-02-15T13:05:49.127+03:00",,"0"
"2022-02-15T13:15:58.744+03:00",,"1"
"2022-02-15T13:16:38.099+03:00",,"0"
"2022-02-15T14:05:50.641+03:00",,"0"
"2022-02-15T14:30:31.346+03:00",,"1"
"2022-02-15T14:30:39.316+03:00",,"0"
"2022-02-15T15:40:27.989+03:00",,"1"
"2022-02-15T15:58:15.151+03:00",,"1"
"2022-02-15T16:01:28.899+03:00",,"1"
"2022-02-15T16:01:29.516+03:00",,"0"
"2022-02-15T16:05:54.107+03:00",,"0"
"2022-02-15T17:05:55.054+03:00",,"0"
"2022-02-15T18:04:26.908+03:00",,"0"
"2022-02-15T18:05:56.232+03:00",,"0"
"2022-02-15T18:39:08.250+03:00",,"1"
"2022-02-15T18:39:15.666+03:00",,"0"
"2022-02-15T18:45:10.292+03:00",,"1"
"2022-02-15T18:45:28.397+03:00",,"0"
"2022-02-15T18:50:28.678+03:00",,"1"
"2022-02-15T19:05:57.138+03:00",,"1"
"2022-02-15T19:24:57.721+03:00",,"0"
"2022-02-15T19:29:30.882+03:00",,"1"
"2022-02-15T19:29:40.877+03:00",,"0"
"2022-02-15T20:04:29.464+03:00",,"1"
"2022-02-15T20:05:44.391+03:00",,"0"
"2022-02-15T20:05:56.867+03:00",,"0"
"2022-02-15T21:06:00.435+03:00",,"0"
"2022-02-15T22:39:07.115+03:00",,"1"
"2022-02-15T22:40:20.797+03:00",,"0"
"2022-02-15T23:06:03.302+03:00",,"0"
"2022-02-15T23:48:05.823+03:00",,"1"
"2022-02-15T23:48:09.638+03:00",,"0"
"2022-02-16T00:06:05.716+03:00",,"0"
"2022-02-16T01:06:07.159+03:00",,"0"
"2022-02-16T02:06:08.314+03:00",,"0"
"2022-02-16T03:06:10.125+03:00",,"0"
"2022-02-16T04:06:11.159+03:00",,"0"
"2022-02-16T06:06:14.697+03:00",,"0"
"2022-02-16T06:40:17.909+03:00",,"1"
"2022-02-16T06:40:59.610+03:00",,"0"
"2022-02-16T07:06:16.261+03:00",,"0"
"2022-02-16T08:06:17.848+03:00",,"0"
"2022-02-16T08:26:31.197+03:00",,"1"
"2022-02-16T08:26:39.420+03:00",,"0"
"2022-02-16T08:47:51.872+03:00",,"1"
"2022-02-16T08:47:52.469+03:00",,"0"
"2022-02-16T09:05:44.562+03:00",,"1"
"2022-02-16T09:06:05.613+03:00",,"0"
"2022-02-16T09:06:17.640+03:00",,"0"
"2022-02-16T10:06:21.101+03:00",,"0"
"2022-02-16T11:06:22.347+03:00",,"0"
"2022-02-16T12:06:24.235+03:00",,"0"
"2022-02-16T12:30:47.673+03:00",,"1"
"2022-02-16T12:31:00.137+03:00",,"0"
"2022-02-16T12:39:47.618+03:00",,"1"
"2022-02-16T12:41:15.161+03:00",,"0"
"2022-02-16T13:04:12.298+03:00",,"1"
"2022-02-16T13:05:53.735+03:00",,"0"
"2022-02-16T13:06:23.768+03:00",,"0"
"2022-02-16T13:38:53.386+03:00",,"1"
"2022-02-16T13:38:57.197+03:00",,"0"
"2022-02-16T13:41:47.696+03:00",,"1"
"2022-02-16T13:41:52.795+03:00",,"0"
"2022-02-16T14:06:27.021+03:00",,"0"
"2022-02-16T14:45:38.601+03:00",,"1"
"2022-02-16T14:55:28.533+03:00",,"1"
"2022-02-16T14:55:44.562+03:00",,"0"
"2022-02-16T15:06:28.526+03:00",,"0"
"2022-02-16T15:22:42.062+03:00",,"1"
"2022-02-16T15:22:46.593+03:00",,"0"
"2022-02-16T15:23:19.279+03:00",,"1"
"2022-02-16T15:24:20.847+03:00",,"0"
"2022-02-16T15:24:24.342+03:00",,"0"
"2022-02-16T16:06:31.280+03:00",,"0"
"2022-02-16T16:12:30.320+03:00",,"1"
"2022-02-16T16:12:33.123+03:00",,"0"
"2022-02-16T17:06:32.758+03:00",,"0"
"2022-02-16T17:33:22.560+03:00",,"1"
"2022-02-16T17:35:51.601+03:00",,"0"
"2022-02-16T18:06:33.874+03:00",,"0"
"2022-02-16T18:11:44.123+03:00",,"1"
"2022-02-16T18:11:53.446+03:00",,"0"
"2022-02-16T18:17:56.313+03:00",,"1"
"2022-02-16T18:18:16.999+03:00",,"0"
"2022-02-16T18:23:56.159+03:00",,"1"
"2022-02-16T18:24:01.494+03:00",,"0"
"2022-02-16T18:25:33.882+03:00",,"1"
"2022-02-16T18:25:40.706+03:00",,"0"
"2022-02-16T19:06:35.732+03:00",,"0"
"2022-02-16T19:18:52.076+03:00",,"1"
"2022-02-16T19:23:54.766+03:00",,"0"
"2022-02-16T20:06:37.058+03:00",,"0"
"2022-02-16T20:32:36.016+03:00",,"1"
"2022-02-16T20:32:39.070+03:00",,"0"
"2022-02-16T20:42:40.932+03:00",,"1"
"2022-02-16T20:42:47.567+03:00",,"0"
"2022-02-16T21:03:30.447+03:00",,"1"
"2022-02-16T21:03:35.657+03:00",,"0"
"2022-02-16T21:06:38.358+03:00",,"0"
"2022-02-16T21:18:35.653+03:00",,"1"
"2022-02-16T21:19:20.571+03:00",,"0"
"2022-02-16T21:30:36.986+03:00",,"1"
"2022-02-16T21:30:44.037+03:00",,"0"
"2022-02-16T21:31:26.036+03:00",,"1"
"2022-02-16T21:31:50.558+03:00",,"0"
"2022-02-16T21:33:47.577+03:00",,"1"
"2022-02-16T21:33:59.741+03:00",,"0"
"2022-02-16T21:47:39.660+03:00",,"1"
"2022-02-16T21:48:06.292+03:00",,"0"
"2022-02-16T21:48:47.398+03:00",,"1"
"2022-02-16T21:49:00.993+03:00",,"0"
"2022-02-16T21:54:52.031+03:00",,"1"
"2022-02-16T21:55:51.776+03:00",,"0"
"2022-02-16T21:58:02.056+03:00",,"1"
"2022-02-16T21:58:18.762+03:00",,"0"
"2022-02-16T22:06:40.542+03:00",,"0"
"2022-02-16T23:00:35.573+03:00",,"1"
"2022-02-16T23:00:44.267+03:00",,"0"
"2022-02-16T23:00:47.462+03:00",,"1"
"2022-02-16T23:01:03.166+03:00",,"0"
"2022-02-16T23:06:42.596+03:00",,"0"
"2022-02-16T23:48:17.165+03:00",,"1"
"2022-02-16T23:48:21.206+03:00",,"0"
"2022-02-16T23:59:12.030+03:00",,"1"
"2022-02-17T00:00:28.482+03:00",,"0"
"2022-02-17T00:05:33.376+03:00",,"1"
"2022-02-17T00:06:43.583+03:00",,"0"
"2022-02-17T00:39:02.065+03:00",,"1"
"2022-02-17T01:06:45.621+03:00",,"0"
"2022-02-17T02:06:46.558+03:00",,"0"
"2022-02-17T02:29:41.144+03:00",,"0"
"2022-02-17T03:06:48.218+03:00",,"0"
"2022-02-17T04:06:50.638+03:00",,"0"
"2022-02-17T06:06:54.003+03:00",,"0"
"2022-02-17T06:38:55.550+03:00",,"1"
"2022-02-17T06:41:46.282+03:00",,"0"
"2022-02-17T07:06:55.087+03:00",,"0"
"2022-02-17T10:57:54.231+03:00",,"1"
"2022-02-17T10:58:04.144+03:00",,"0"
"2022-02-17T11:07:01.872+03:00",,"0"
"2022-02-17T11:19:23.375+03:00",,"1"
"2022-02-17T11:19:32.065+03:00",,"0"
"2022-02-17T12:07:02.610+03:00",,"0"
"2022-02-17T12:30:18.062+03:00",,"1"
"2022-02-17T12:30:34.088+03:00",,"0"
"2022-02-17T13:01:47.452+03:00",,"1"
"2022-02-17T13:01:50.553+03:00",,"0"
"2022-02-17T13:07:04.741+03:00",,"0"
"2022-02-17T13:11:21.984+03:00",,"1"
"2022-02-17T13:16:10.266+03:00",,"0"
"2022-02-17T13:16:10.907+03:00",,"1"
"2022-02-17T13:17:13.803+03:00",,"0"
"2022-02-17T13:36:10.188+03:00",,"1"
"2022-02-17T13:36:14.700+03:00",,"0"
"2022-02-17T14:07:06.220+03:00",,"0"
"2022-02-17T14:31:33.735+03:00",,"1"
"2022-02-17T14:31:37.094+03:00",,"0"
"2022-02-17T14:31:37.709+03:00",,"1"
"2022-02-17T14:31:40.358+03:00",,"0"
"2022-02-17T15:07:07.560+03:00",,"0"
"2022-02-17T15:30:24.950+03:00",,"1"
"2022-02-17T15:30:35.219+03:00",,"0"
"2022-02-17T15:35:58.944+03:00",,"1"
"2022-02-17T15:37:44.018+03:00",,"0"
"2022-02-17T15:40:37.066+03:00",,"1"
"2022-02-17T15:41:02.300+03:00",,"0"
"2022-02-17T15:42:20.071+03:00",,"1"
"2022-02-17T15:42:38.564+03:00",,"0"
"2022-02-17T16:07:09.689+03:00",,"0"
"2022-02-17T16:42:12.213+03:00",,"1"
"2022-02-17T16:45:45.661+03:00",,"0"
"2022-02-17T17:07:10.749+03:00",,"0"
"2022-02-17T18:07:12.701+03:00",,"0"
"2022-02-17T19:07:14.166+03:00",,"0"
"2022-02-17T19:48:50.061+03:00",,"1"
"2022-02-17T19:51:56.847+03:00",,"0"
"2022-02-17T19:55:23.702+03:00",,"1"
"2022-02-17T19:55:42.326+03:00",,"0"
"2022-02-17T20:07:15.677+03:00",,"0"
"2022-02-17T21:07:17.368+03:00",,"0"
"2022-02-17T21:12:16.051+03:00",,"1"
"2022-02-17T21:14:06.537+03:00",,"0"
"2022-02-17T21:16:21.210+03:00",,"1"
"2022-02-17T21:16:28.173+03:00",,"0"
"2022-02-17T22:07:19.088+03:00",,"0"
"2022-02-17T22:19:41.326+03:00",,"1"
"2022-02-17T22:19:49.939+03:00",,"0"
"2022-02-17T22:35:24.290+03:00",,"1"
"2022-02-17T22:35:33.167+03:00",,"0"
"2022-02-17T23:07:20.767+03:00",,"0"
"2022-02-17T23:43:48.352+03:00",,"1"
"2022-02-17T23:43:52.588+03:00",,"0"
"2022-02-18T00:14:29.019+03:00",,"1"
"2022-02-18T00:14:52.013+03:00",,"0"
"2022-02-18T01:07:24.579+03:00",,"0"
"2022-02-18T02:07:25.541+03:00",,"0"
"2022-02-18T03:07:26.765+03:00",,"0"
"2022-02-18T04:07:27.903+03:00",,"0"
"2022-02-18T05:07:29.333+03:00",,"0"
"2022-02-18T06:40:10.160+03:00",,"1"
"2022-02-18T06:40:26.620+03:00",,"0"
"2022-02-18T07:07:32.679+03:00",,"0"
"2022-02-18T08:10:08.900+03:00",,"1"
"2022-02-18T08:10:16.562+03:00",,"0"
"2022-02-18T08:19:46.092+03:00",,"1"
"2022-02-18T08:19:46.711+03:00",,"0"
"2022-02-18T09:51:10.042+03:00",,"1"
"2022-02-18T10:07:36.458+03:00",,"0"
"2022-02-18T11:07:37.597+03:00",,"0"
"2022-02-18T11:16:43.515+03:00",,"1"
"2022-02-18T11:17:49.494+03:00",,"0"
"2022-02-18T11:21:55.959+03:00",,"0"
"2022-02-18T12:07:39.842+03:00",,"0"
"2022-02-18T13:08:52.324+03:00",,"1"
"2022-02-18T15:31:39.232+03:00",,"0"
"2022-02-19T15:02:35.488+03:00",,"1"
"2022-02-19T15:02:45.149+03:00",,"0"
"2022-02-19T15:02:49.262+03:00",,"1"
"2022-02-19T15:02:53.145+03:00",,"0"
"2022-02-19T15:03:00.604+03:00",,"1"
"2022-02-19T15:03:04.794+03:00",,"0"
"2022-02-19T15:10:50.459+03:00",,"1"
"2022-02-19T15:10:53.883+03:00",,"0"